id,name,yearpublished,rank,bayesaverage,average,usersrated,is_expansion,abstracts_rank,cgs_rank,childrensgames_rank,familygames_rank,partygames_rank,strategygames_rank,thematic_rank,wargames_rank
224517,"Brass: Birmingham",2018,1,8.40385,8.57974,50874,0,,,,,,1,,
161936,"Pandemic Legacy: Season 1",2015,2,8.36789,8.51939,55183,0,,,,,,2,1,
342942,"Ark Nova",2021,3,8.34461,8.53558,50727,0,,,,,,3,,
174430,Gloomhaven,2017,4,8.32988,8.56812,64430,0,,,,,,4,2,
233078,"Twilight Imperium: Fourth Edition",2017,5,8.23108,8.58151,25648,0,,,,,,5,4,
316554,"Dune: Imperium",2020,6,8.22587,8.4235,51243,0,,,,,,6,,
167791,"Terraforming Mars",2016,7,8.20333,8.35118,104978,0,,,,,,7,,
115746,"War of the Ring: Second Edition",2011,8,8.19095,8.54778,22924,0,,,,,,,3,1
187645,"Star Wars: Rebellion",2016,9,8.168,8.41828,34095,0,,,,,,,6,
162886,"Spirit Island",2017,10,8.14098,8.33908,56262,0,,,,,,10,,
291457,"Gloomhaven: Jaws of the Lion",2020,11,8.13503,8.40284,37186,0,,,,,,11,7,
220308,"Gaia Project",2017,12,8.10159,8.36407,28940,0,,,,,,9,,
397598,"Dune: Imperium – Uprising",2023,13,8.0639,8.71718,10529,0,,,,,,8,,
12333,"Twilight Struggle",2005,14,8.05655,8.2388,50158,0,,,,,,14,,2
182028,"Through the Ages: A New Story of Civilization",2015,15,8.0386,8.26915,32986,0,,,,,,13,,
84876,"The Castles of Burgundy",2011,16,8.01963,8.14783,65140,0,,,,,,17,,
193738,"Great Western Trail",2016,17,8.00342,8.17266,42155,0,,,,,,16,,
169786,Scythe,2016,18,7.9721,8.12437,87734,0,,,,,,22,,
246900,"Eclipse: Second Dawn for the Galaxy",2020,19,7.971,8.42628,15185,0,,,,,,15,,
173346,"7 Wonders Duel",2015,20,7.96572,8.08957,100743,0,,,,,,23,,
28720,"Brass: Lancashire",2007,21,7.96035,8.19595,25875,0,,,,,,18,,
167355,Nemesis,2018,22,7.95104,8.25832,33352,0,,,,,,,12,
266507,"Clank! Legacy: Acquisitions Incorporated",2019,23,7.94733,8.52372,10211,0,,,,,,,8,
177736,"A Feast for Odin",2016,24,7.94271,8.16789,30538,0,,,,,,20,,
295770,Frosthaven,2022,25,7.93608,8.79358,8271,0,,,,,,12,5,
124361,Concordia,2013,26,7.93447,8.08558,42377,0,,,,,,21,,
341169,"Great Western Trail: Second Edition",2021,27,7.90679,8.30236,14899,0,,,,,,19,,
205637,"Arkham Horror: The Card Game",2016,28,7.89949,8.12927,45169,0,,2,,,,,13,
312484,"Lost Ruins of Arnak",2020,29,7.896,8.06859,49135,0,,,,1,,28,,
237182,Root,2018,30,7.88549,8.072,56558,0,,,,,,34,,13
120677,"Terra Mystica",2012,31,7.87768,8.04649,49273,0,,,,,,29,,
266192,Wingspan,2019,32,7.87497,8.02562,101543,0,,,,4,,44,,
192135,"Too Many Bones",2017,33,7.87399,8.32781,15003,0,,,,,,24,11,
164928,Orléans,2014,34,7.86377,8.05178,33185,0,,,,,,27,,
96848,"Mage Knight Board Game",2011,35,7.84719,8.08184,34078,0,,,,,,36,17,
251247,Barrage,2019,36,7.84573,8.15532,19331,0,,,,,,26,,
199792,Everdell,2018,37,7.83125,8.00745,60529,0,,,,6,,46,,
324856,"The Crew: Mission Deep Sea",2021,38,7.83099,8.10699,20875,0,,,,2,,32,,
373106,"Sky Team",2023,39,7.83055,8.17644,18097,0,,,,3,,,16,
183394,"Viticulture Essential Edition",2015,40,7.82515,7.97655,51443,0,,,,,,42,,
366013,"Heat: Pedal to the Metal",2022,41,7.79849,8.03005,30639,0,,,,7,,,,
285774,"Marvel Champions: The Card Game",2019,42,7.79337,8.11626,25410,0,,3,,,,,,
175914,"Food Chain Magnate",2015,43,7.7879,8.05027,21424,0,,,,,,38,,
521,Crokinole,1876,44,7.78392,8.05129,19310,0,,,,5,,,,
256960,"Pax Pamir: Second Edition",2019,45,7.78051,8.15742,15562,0,,,,,,37,,4
284378,"Kanban EV",2020,46,7.77784,8.40162,8659,0,,,,,,25,,
247763,"Underwater Cities",2018,47,7.77693,8.04847,20999,0,,,,,,39,,
3076,"Puerto Rico",2002,48,7.76533,7.90683,72389,0,,,,,,51,,
321608,"Hegemony: Lead Your Class to Victory",2023,49,7.76329,8.43009,8907,0,,,,,,30,,
295947,Cascadia,2021,50,7.75436,7.92176,45867,0,1,,,9,,,,
314040,"Pandemic Legacy: Season 0",2020,51,7.7492,8.37455,8475,0,,,,,,33,10,
421006,"The Lord of the Rings: Duel for Middle-earth",2024,52,7.74886,8.42356,8536,0,,,,,,35,,
102794,"Caverna: The Cave Farmers",2013,53,7.74854,7.93491,35838,0,,,,,,48,,
253344,"Cthulhu: Death May Die",2019,54,7.74692,8.18983,14461,0,,,,,,,15,
185343,Anachrony,2017,55,7.74626,8.06096,19866,0,,,,,,45,,
184267,"On Mars",2020,56,7.74245,8.17262,13582,0,,,,,,40,,
170216,"Blood Rage",2015,57,7.74146,7.91573,49102,0,,,,,,56,,
31260,Agricola,2007,58,7.73854,7.86752,74390,0,,,,,,57,,
251661,"Oathsworn: Into the Deepwood",2022,59,7.72855,8.8851,5723,0,,,,,,,9,
255984,"Sleeping Gods",2021,60,7.72253,8.1573,13739,0,,,,,,,19,
161533,Lisboa,2017,61,7.71186,8.17727,11820,0,,,,,,43,,
221107,"Pandemic Legacy: Season 2",2017,62,7.71119,8.02559,17495,0,,,,,,50,20,
231733,Obsession,2018,63,7.71066,8.11149,14861,0,,,,,,47,21,
182874,"Grand Austria Hotel",2015,64,7.70072,7.95335,22521,0,,,,,,53,,
205059,"Mansions of Madness: Second Edition",2016,65,7.69722,7.93155,38076,0,,,,,,,25,
383179,"Age of Innovation",2023,66,7.69239,8.56419,6067,0,,,,,,31,,
126163,"Tzolk'in: The Mayan Calendar",2012,67,7.6908,7.85138,40621,0,,,,,,61,,
2651,"Power Grid",2004,68,7.69003,7.80388,67146,0,,,,,,67,,
338960,"Slay the Spire: The Board Game",2024,69,7.67686,8.73775,5674,0,,,,,,41,,
244521,"The Quacks of Quedlinburg",2018,70,7.67424,7.81168,54077,0,,,,12,,,,
216132,"Clans of Caledonia",2017,71,7.67235,7.93745,21231,0,,,,,,59,,
276025,Maracaibo,2019,72,7.67226,7.9843,17415,0,,,,,,55,,
35677,"Le Havre",2008,73,7.67042,7.84198,32588,0,,,,,,63,,
266810,"Paladins of the West Kingdom",2019,74,7.66814,7.96871,18963,0,,,,,,58,,
125153,"The Gallerist",2015,75,7.66707,8.01416,15372,0,,,,,,54,,
164153,"Star Wars: Imperial Assault",2014,76,7.66226,7.95947,25206,0,,,,,,,27,
124742,"Android: Netrunner",2012,77,7.65843,7.8887,30628,0,,4,,,,,,
365717,"Clank!: Catacombs",2022,78,7.64748,8.25865,8772,0,,,,10,,52,,
209010,"Mechs vs. Minions",2016,79,7.64577,7.96195,17835,0,,,,,,68,24,
200680,"Agricola (Revised Edition)",2016,80,7.64094,7.95024,19279,0,,,,,,70,,
284083,"The Crew: The Quest for Planet Nine",2019,81,7.64094,7.78148,44664,0,,,,13,,,,
55690,"Kingdom Death: Monster",2015,82,7.63566,8.48451,9968,0,,,,,,,18,
28143,"Race for the Galaxy",2007,83,7.62587,7.74204,56923,0,,,,,,77,,
230802,Azul,2017,84,7.62372,7.73345,97824,0,2,,,15,,,,
157354,"Five Tribes: The Djinns of Naqala",2014,85,7.61723,7.76983,43095,0,,,,,,81,,
201808,"Clank!: A Deck-Building Adventure",2016,86,7.60917,7.77194,44447,0,,,,17,,91,,
72125,"Eclipse: New Dawn for the Galaxy",2011,87,7.60472,7.82502,28666,0,,,,,,82,,
159675,"Fields of Arle",2014,88,7.60046,8.02948,11587,0,,,,,,65,,
191189,"Aeon's End",2016,89,7.59748,7.88284,22100,0,,,,,,87,,
110327,"Lords of Waterdeep",2012,90,7.58849,7.73133,57158,0,,,,,,97,,
332772,Revive,2022,91,7.58736,8.10926,9685,0,,,,,,66,,
371942,"The White Castle",2023,92,7.58677,7.99171,14021,0,,,,,,73,,
322289,"Darwin's Journey",2023,93,7.58637,8.13712,9194,0,,,,,,64,,
93,"El Grande",1995,94,7.58485,7.76338,30726,0,,,,,,83,,
414317,Harmonies,2024,95,7.58445,8.02295,13727,0,3,,,14,,,,
229853,"Teotihuacan: City of Gods",2018,96,7.58317,7.85024,20845,0,,,,,,75,,
317985,"Beyond the Sun",2020,97,7.57706,7.89066,15987,0,,,,,,72,,
25613,"Through the Ages: A Story of Civilization",2006,98,7.57442,7.83184,19629,0,,,,,,74,,
366161,"Wingspan Asia",2022,99,7.57282,8.25034,7705,0,,,,11,,71,,
291453,SCOUT,2019,100,7.57143,7.81935,20937,0,,,,16,,,,
390092,"Ticket to Ride Legacy: Legends of the West",2023,101,7.5714,8.68981,4356,0,,,,8,,,,
256916,"Concordia Venus",2018,102,7.56844,8.27132,6628,0,,,,,,60,,
62219,"Dominant Species",2010,103,7.56614,7.8068,21765,0,,,,,,86,,
68448,"7 Wonders",2010,104,7.56219,7.67371,108104,0,,,,19,,114,,
279537,"The Search for Planet X",2020,105,7.56201,7.92694,13832,0,,,,,,80,,
121921,"Robinson Crusoe: Adventures on the Cursed Island",2012,106,7.56065,7.73396,45003,0,,,,,,,31,
171623,"The Voyages of Marco Polo",2015,107,7.55896,7.7724,25539,0,,,,,,90,,
380607,"Great Western Trail: New Zealand",2023,108,7.55326,8.54848,4772,0,,,,,,49,,
225694,Decrypto,2018,109,7.54462,7.76817,24616,0,,,,,2,,,
277659,"Final Girl",2021,110,7.54325,8.24581,8236,0,,,,,,,23,
240980,"Blood on the Clocktower",2022,111,7.53857,8.35059,7463,0,,,,,1,85,,
155821,Inis,2016,112,7.53726,7.82279,21423,0,,,,,,100,,
364073,"Splendor Duel",2022,113,7.53631,7.90556,14586,0,,,,18,,96,,
163068,"Trickerion: Legends of Illusion",2015,114,7.53349,7.97044,11598,0,,,,,,79,,
37111,"Battlestar Galactica: The Board Game",2008,115,7.53231,7.72931,37006,0,,,,,,,32,
236457,"Architects of the West Kingdom",2018,116,7.52743,7.72255,30650,0,,,,,,103,,
310873,Carnegie,2022,117,7.52639,7.99207,10406,0,,,,,,78,,
264220,"Tainted Grail: The Fall of Avalon",2019,118,7.5262,8.06303,13189,0,,,,,,,28,
418059,"SETI: Search for Extraterrestrial Intelligence",2024,119,7.51589,8.38376,5784,0,,,,,,69,,
217372,"The Quest for El Dorado",2017,120,7.51511,7.7012,28553,0,,,,20,,,,
122515,Keyflower,2012,121,7.51404,7.71845,23711,0,,,,,,101,,
42,"Tigris & Euphrates",1997,122,7.51255,7.70199,29206,0,,,,,,104,,
170042,"Raiders of the North Sea",2015,123,7.51233,7.73008,25190,0,,,,,,108,,
271055,"Dwellings of Eldervale",2020,124,7.51225,8.13251,8233,0,,,,,,76,,
337627,Voidfall,2023,125,7.51147,8.54831,4925,0,,,,,,62,,
40834,"Dominion: Intrigue",2009,126,7.51085,7.68969,34130,0,,,,,,115,,
18602,Caylus,2005,127,7.50676,7.71139,29494,0,,,,,,106,,
203993,"Lorenzo il Magnifico",2016,128,7.50251,7.84074,14431,0,,,,,,94,,
73439,Troyes,2010,129,7.50216,7.71119,24160,0,,,,,,102,,
146021,"Eldritch Horror",2013,130,7.50113,7.74522,37606,0,,,,,,,37,
12,Ra,1999,131,7.49939,7.66398,28207,0,,,,,,111,,
359871,Arcs,2024,132,7.49705,8.14395,8741,0,,,,,,92,,29
172386,Mombasa,2015,133,7.49615,7.84479,13539,0,,,,,,93,,
269385,"The Lord of the Rings: Journeys in Middle-Earth",2019,134,7.49204,7.90136,17291,0,,,,,,,30,
310100,"Nemesis: Lockdown",2022,135,7.49151,8.30302,6798,0,,,,,,,26,
12493,"Twilight Imperium: Third Edition",2005,136,7.48269,7.78936,19393,0,,,,,,121,34,
163412,Patchwork,2014,137,7.48147,7.5888,69503,0,5,,,22,,,,
36218,Dominion,2008,138,7.47827,7.59778,93350,0,,,,,,138,,
102680,Trajan,2011,139,7.47777,7.74833,18219,0,,,,,,105,,
4098,"Age of Steam",2002,140,7.47761,7.85337,11820,0,,,,,,95,,
144733,"Russian Railroads",2013,141,7.47528,7.72858,18383,0,,,,,,110,,
218417,"Aeon's End: War Eternal",2017,142,7.47037,8.24942,6123,0,,,,,,84,,
180263,"The 7th Continent",2017,143,7.46671,7.77047,22725,0,,,,,,,38,
43015,"Hansa Teutonica",2009,144,7.46581,7.74145,16323,0,,,,,,107,,
227935,"Wonderland's War",2022,145,7.46388,8.0661,8478,0,,,,,,99,,
205896,"Rising Sun",2018,146,7.46358,7.76506,22137,0,,,,,,128,,
175640,"Vinhos: Deluxe Edition",2016,147,7.45918,8.07793,7322,0,,,,,,89,,
410201,Wyrmspan,2024,148,7.44995,8.02257,9638,0,,,,,,118,,
196340,Yokohama,2016,149,7.44783,7.80675,12573,0,,,,,,112,,
233371,"Clank! In! Space!: A Deck-Building Adventure",2017,150,7.44614,7.77511,15165,0,,,,21,,122,,
198928,Iberia,2016,151,7.44605,7.88096,11256,0,,,,,,117,,
175155,"Forbidden Stars",2015,152,7.44145,7.97596,9576,0,,,,,,113,,
178900,Codenames,2015,153,7.44082,7.53568,96923,0,,,,,5,,,
254640,"Just One",2018,154,7.43848,7.60034,30799,0,,,,,3,,,
172287,"Champions of Midgard",2015,155,7.432,7.71513,18072,0,,,,,,129,,
325494,"ISS Vanguard",2022,156,7.4243,8.48698,5510,0,,,,,,,22,
132531,"Roll for the Galaxy",2014,157,7.42306,7.57995,32567,0,,,,,,136,,
266524,PARKS,2019,158,7.42225,7.64689,27962,0,,,,26,,,,
30549,Pandemic,2008,159,7.42023,7.52728,129604,0,,,,35,,169,,
220877,"Rajas of the Ganges",2017,160,7.41968,7.72688,14985,0,,,,,,125,,
118048,Targi,2012,161,7.41564,7.60257,24910,0,,,,,,135,,
304783,"Hadrian's Wall",2021,162,7.41509,7.91847,9135,0,,,,,,116,,
263918,Cartographers,2019,163,7.41105,7.58104,32442,0,,,,27,,,,
262712,"Res Arcana",2019,164,7.41022,7.63573,23652,0,,,,,,139,,
189932,"Tyrants of the Underdark",2016,165,7.40904,7.90799,9828,0,,,,,,119,,
281259,"The Isle of Cats",2019,166,7.40878,7.65957,23232,0,,,,25,,145,,
147020,"Star Realms",2014,167,7.40868,7.55692,46167,0,,,,,,156,,
463,"Magic: The Gathering",1993,168,7.40759,7.5868,41157,0,,19,,,,,,
396790,Nucleum,2023,169,7.40691,8.15204,6165,0,,,,,,98,,
274364,Watergate,2019,170,7.40499,7.75156,12877,0,,,,,,130,,
161970,Alchemists,2014,171,7.4038,7.63829,23546,0,,,,,,143,,
271324,"It's a Wonderful World",2019,172,7.40201,7.65263,20854,0,,,,,,142,,
14996,"Ticket to Ride: Europe",2005,173,7.40117,7.52685,80171,0,,,,32,,,,
268864,"Undaunted: Normandy",2019,174,7.39798,7.78492,12868,0,,,,,,,,30
235802,"Too Many Bones: Undertow",2018,175,7.39538,8.67442,3616,0,,,,,,88,14,
77423,"The Lord of the Rings: The Card Game",2011,176,7.39252,7.66058,24591,0,,10,,,,,,
34635,"Stone Age",2008,177,7.39199,7.51958,54068,0,,,,33,,157,,
308765,"Praga Caput Regni",2020,178,7.38998,7.87122,9498,0,,,,,,123,,
127023,Kemet,2012,179,7.38897,7.63936,19623,0,,,,,,140,,
258779,"Planet Unknown",2022,180,7.38758,7.80047,10948,0,,,,23,,132,,
2511,"Sherlock Holmes Consulting Detective: The Thames Murders & Other Cases",1982,181,7.38591,7.62036,22007,0,,,,,,,46,
209418,"Dominion (Second Edition)",2016,182,7.38448,7.83074,11246,0,,,,,,144,,
249259,"War Chest",2018,183,7.38418,7.83614,11099,0,6,,,,,,,
328871,"Terraforming Mars: Ares Expedition",2021,184,7.38279,7.65242,18984,0,,,,,,147,,
148949,Istanbul,2014,185,7.38261,7.54098,32351,0,,,,29,,150,,
233398,"Endeavor: Age of Sail",2018,186,7.38227,7.86833,9794,0,,,,,,126,,
146652,"Legendary Encounters: An Alien Deck Building Game",2014,187,7.37893,7.75296,13406,0,,,,,,,39,
296151,"Viscounts of the West Kingdom",2020,188,7.37879,7.81879,10478,0,,,,,,131,,
294484,"Unmatched: Cobble & Fog",2020,189,7.37814,7.95189,8484,0,,,,,,134,,
265188,"Glen More II: Chronicles",2019,190,7.377,7.88222,8766,0,,,,,,124,,
283948,"Marco Polo II: In the Service of the Khan",2019,191,7.3758,7.93842,7771,0,,,,,,120,,
103885,"Star Wars: X-Wing Miniatures Game",2012,192,7.37569,7.62846,25260,0,,14,,,,,,61
244522,"That's Pretty Clever!",2018,193,7.37326,7.56302,25879,0,,,,30,,,,
329082,Radlands,2021,194,7.37291,7.79618,12096,0,,,,,,146,,
82222,"Xia: Legends of a Drift System",2014,195,7.37101,7.85498,10434,0,,,,,,137,35,
54043,Jaipur,2009,196,7.36878,7.48511,54310,0,,,,39,,,,
233867,"Welcome To...",2018,197,7.36615,7.52212,32564,0,,,,37,,,,
359609,"Arkham Horror: The Card Game (Revised Edition)",2021,198,7.36576,8.63081,3778,0,,1,,,,,,
350184,Earth,2023,199,7.35552,7.6477,17319,0,,,,,,153,,
339789,"Welcome to the Moon",2021,200,7.35252,7.92518,7656,0,,,,24,,,40,
283355,Dune,2019,201,7.35232,7.93246,9598,0,,,,,,148,43,
271896,"Star Wars: Outer Rim",2019,202,7.35181,7.7412,13620,0,,,,,,,41,
9609,"War of the Ring",2004,203,7.35059,7.77906,10824,0,,,,,,,36,22
43111,"Chaos in the Old World",2009,204,7.35035,7.65926,15872,0,,,,,,151,45,
188920,"This War of Mine: The Board Game",2017,205,7.34704,7.7672,13771,0,,,,,,,47,
364011,"Great Western Trail: Argentina",2022,206,7.33901,8.28679,4464,0,,,,,,109,,
10630,"Memoir '44",2004,207,7.33784,7.53191,30876,0,,,,,,,,69
314491,Meadow,2021,208,7.33498,7.72204,12004,0,,,,28,,154,,
227224,"The Red Cathedral",2020,209,7.33404,7.68209,13720,0,,,,,,158,,
104162,"Descent: Journeys in the Dark (Second Edition)",2012,210,7.33377,7.61013,25654,0,,,,,,,57,
199561,Sagrada,2017,211,7.32936,7.47306,43970,0,11,,,46,,,,
25021,"Sekigahara: The Unification of Japan",2011,212,7.3272,7.99939,6259,0,,,,,,,,8
39463,"Cosmic Encounter",2008,213,7.32691,7.51463,33838,0,,,,,,192,68,
155426,"Castles of Mad King Ludwig",2014,214,7.32582,7.51223,26519,0,,,,,,167,,
316377,"7 Wonders (Second Edition)",2020,215,7.32069,7.83892,9512,0,,,,31,,164,,
242302,"Space Base",2018,216,7.31986,7.54333,20959,0,,,,41,,,,
118,"Modern Art",1992,217,7.31929,7.51227,23635,0,,,,,,165,,
282524,Horrified,2019,218,7.31867,7.61779,18081,0,,,,42,,,59,
128882,"The Resistance: Avalon",2012,219,7.3174,7.50477,34826,0,,,,,12,,,
391163,"Forest Shuffle",2023,220,7.31696,7.69858,12271,0,,,,36,,160,,
17133,"Railways of the World",2005,221,7.3156,7.667,12396,0,,,,,,152,,
300531,Paleo,2020,222,7.31472,7.67598,13967,0,,,,,,172,55,
287954,"Azul: Summer Pavilion",2019,223,7.31345,7.58882,17522,0,8,,,40,,,,
31627,"Ticket to Ride: Nordic Countries",2007,224,7.31221,7.62509,14556,0,,,,38,,,,
103343,"A Game of Thrones: The Board Game (Second Edition)",2011,225,7.31157,7.53302,35610,0,,,,,,199,,
374173,"Star Wars: The Deckbuilding Game",2023,226,7.31026,7.85979,8522,0,,,,34,,159,,
70149,"Ora et Labora",2011,227,7.30916,7.68336,11238,0,,,,,,149,,
188,Go,-2200,228,7.30876,7.6541,17727,0,14,,,,,,,
171131,"Captain Sonar",2016,229,7.29844,7.51031,22374,0,,,,,9,,64,
822,Carcassonne,2000,230,7.29776,7.41253,132257,0,,,,56,,,,
14105,"Commands & Colors: Ancients",2006,231,7.29743,7.77886,8953,0,,,,,,,,23
123260,Suburbia,2012,232,7.29578,7.4687,25802,0,,,,,,180,,
148228,Splendor,2014,233,7.29426,7.41873,84400,0,,,,54,,,,
299659,"Clash of Cultures: Monumental Edition",2021,234,7.29287,8.30201,4384,0,,,,,,127,,
104006,Village,2011,235,7.29225,7.48717,23800,0,,,,,,178,,
150376,"Dead of Winter: A Crossroads Game",2014,236,7.28961,7.45378,47486,0,,,,,,,74,
256680,"Return to Dark Tower",2022,237,7.28856,8.24181,4997,0,,,,,,,29,
285967,"Ankh: Gods of Egypt",2021,238,7.2882,7.76865,10329,0,,,,,,161,,
215,Tichu,1991,239,7.28484,7.57501,16102,0,,,,,,175,,
241451,"Aeon's End: Legacy",2019,240,7.28372,8.0594,5466,0,,,,,,141,,
293014,Nidavellir,2020,241,7.27938,7.57362,14753,0,,,,43,,174,,
269207,"The Taverns of Tiefenthal",2019,242,7.27585,7.57693,15525,0,,,,,,186,,
332686,"John Company: Second Edition",2022,243,7.27509,8.27441,4320,0,,,,,,133,33,
182631,"Star Realms: Colony Wars",2015,244,7.27499,7.79299,8458,0,,,,,,166,,
7854,YINSH,2003,245,7.27108,7.71216,9354,0,4,,,,,,,
91,"Paths of Glory",1999,246,7.27051,8.07591,5385,0,,,,,,,,3
9209,"Ticket to Ride",2004,247,7.26946,7.38999,93510,0,,,,59,,,,
245638,Coimbra,2018,248,7.26877,7.60956,12381,0,,,,,,168,,
306735,"Under Falling Skies",2020,249,7.26787,7.62931,12504,0,,,,,,191,,
126042,Nations,2013,250,7.26413,7.59888,12440,0,,,,,,170,,
295486,"My City",2020,251,7.26291,7.61226,12003,0,,,,44,,179,,
165722,KLASK,2014,252,7.26278,7.63577,11180,0,,,,45,7,,,
195421,"Near and Far",2017,253,7.26228,7.66457,10764,0,,,,,,,54,
283155,Calico,2020,254,7.26154,7.50919,20903,0,10,,,50,,,,
54998,Cyclades,2009,255,7.26026,7.50125,22096,0,,,,,,203,,
21050,"Combat Commander: Europe",2006,256,7.25934,7.95351,5994,0,,,,,,,,11
188834,"Secret Hitler",2016,257,7.25784,7.49841,31281,0,,,,,19,,,
221194,"Dinosaur Island",2017,258,7.25295,7.54969,16558,0,,,,,,200,,
260605,"Camel Up (Second Edition)",2018,259,7.25066,7.56775,14946,0,,,,47,8,,,
146886,"La Granja",2014,260,7.24871,7.59984,11474,0,,,,,,176,,
224037,"Codenames: Duet",2017,261,7.24682,7.42318,24607,0,,,,55,,,,
223040,"Fantasy Realms",2017,262,7.24513,7.51133,16570,0,,,,52,,,,
129437,"Legendary: A Marvel Deck Building Game",2012,263,7.24204,7.52737,22917,0,,,,,,,75,
232832,"Century: Golem Edition",2017,264,7.24032,7.58619,13116,0,,,,49,,216,,
158600,Hanamikoji,2013,265,7.23675,7.46911,19696,0,,,,58,,,,
274637,"Unmatched: Battle of Legends, Volume One",2019,266,7.23496,7.71332,9886,0,,,,,,204,,
156129,"Deception: Murder in Hong Kong",2014,267,7.23368,7.43573,23692,0,,,,,11,,,
318977,"MicroMacro: Crime City",2020,268,7.23156,7.47865,17504,0,,,,57,,,,
192291,"Sushi Go Party!",2016,269,7.23035,7.38456,37206,0,,,,65,,,,
176189,"Zombicide: Black Plague",2015,270,7.22886,7.60538,16725,0,,,,,,,70,
3,Samurai,1998,271,7.22457,7.4762,16626,0,,,,,,210,,
176494,"Isle of Skye: From Chieftain to King",2015,272,7.22423,7.3936,26197,0,,,,62,,224,,
199478,"Flamme Rouge",2016,273,7.22409,7.48066,18762,0,,,,61,,,,
555,"The Princes of Florence",2000,274,7.22356,7.50077,15767,0,,,,,,202,,
169426,"Roll Player",2016,275,7.22204,7.43336,21386,0,,,,,,225,,
19857,"Glory to Rome",2005,276,7.22119,7.49269,14533,0,,,,,,205,,
224783,Vindication,2018,277,7.22043,7.78482,7752,0,,,,,,182,,
300322,Hallertau,2020,278,7.21954,7.85197,6349,0,,,,,,163,,
232405,"Western Legends",2018,279,7.21729,7.60468,11940,0,,,,,,,61,
228341,"Pulsar 2849",2017,280,7.21289,7.65533,9259,0,,,,,,188,,
109276,"Kanban: Driver's Edition",2014,281,7.21268,7.78535,6968,0,,,,,,171,,
198994,"Hero Realms",2016,282,7.21255,7.50768,18872,0,,,,,,238,,
194655,Santorini,2016,283,7.21162,7.35077,40124,0,15,,,,,,,
286096,Tapestry,2019,284,7.21127,7.44096,21433,0,,,,,,230,,
9216,"Goa: A New Expedition",2004,285,7.21024,7.55687,11611,0,,,,,,193,,
421,"1830: Railways & Robber Barons",1986,286,7.20629,7.86799,5797,0,,,,,,162,,
311193,"Anno 1800: The Board Game",2020,287,7.20374,7.71216,7975,0,,,,,,189,,
20551,Shogun,2006,288,7.20232,7.51169,14327,0,,,,,,220,,
31481,"Galaxy Trucker",2007,289,7.20084,7.33568,34930,0,,,,,,,90,
156546,Monikers,2015,290,7.196,7.77911,6843,0,,,,,4,,,
305096,"Endless Winter: Paleoamericans",2022,291,7.19426,7.67955,9015,0,,,,,,201,,
128621,Viticulture,2013,292,7.19352,7.48004,14639,0,,,,,,226,,
329839,"So Clover!",2021,293,7.19334,7.59232,9642,0,,,,53,6,,,
27708,"1960: The Making of the President",2007,294,7.19201,7.62116,9401,0,,,,,,206,,
223321,"Detective: A Modern Crime Board Game",2018,295,7.19121,7.63148,10969,0,,,,,,,65,
140620,"Lewis & Clark: The Expedition",2013,296,7.1901,7.44368,15997,0,,,,,,227,,
284653,"Mind MGMT: The Psychic Espionage “Game.”",2021,297,7.18936,7.87415,5960,0,,,,,,187,,
323612,Bitoku,2021,298,7.18769,7.8034,6838,0,,,,,,195,,
239188,"Chronicles of Crime",2018,299,7.18525,7.56256,23600,0,,,,,,,81,
297562,"Kemet: Blood and Sand",2021,300,7.18488,7.94583,5307,0,,,,,,183,,
127060,"Bora Bora",2013,301,7.18315,7.55884,10457,0,,,,,,213,,
150145,"Skull King",2013,302,7.18302,7.54228,12155,0,,,,63,,,,
351913,Tiletum,2022,303,7.18249,7.88036,5766,0,,,,,,177,,
204583,Kingdomino,2016,304,7.18138,7.29944,49852,0,,,,75,,,,
295895,Distilled,2023,305,7.18107,7.80275,6751,0,,,,,,196,,
760,"Battle Line",2000,306,7.17962,7.41425,17833,0,,,,,,239,,
230253,"Star Realms: Frontiers",2018,307,7.17949,7.92737,5615,0,,,,,,208,,
291572,Oath,2021,308,7.17897,7.75812,8277,0,,,,,,222,87,
27833,Steam,2009,309,7.17853,7.54662,10348,0,,,,,,214,,
298047,"Marvel United",2020,310,7.17828,7.56434,11901,0,,,,66,,,,
270633,"Aeon's End: The New Age",2019,311,7.17437,8.50967,3002,0,,,,,,155,,
367220,"Sea Salt & Paper",2022,312,7.17416,7.48849,14501,0,,,,68,,,,
2655,Hive,2001,313,7.17407,7.31915,38566,0,17,,,,,,,
144344,Rococo,2013,314,7.17374,7.58428,9261,0,,,,,,212,,
385761,Faraway,2023,315,7.17232,7.58489,10145,0,,,,60,,,,
302723,"Forgotten Waters",2020,316,7.17224,7.79183,6530,0,,,,,,,49,
246784,Cryptid,2018,317,7.17074,7.43628,15612,0,,,,69,,241,,
206718,Ethnos,2017,318,7.16932,7.45797,14052,0,,,,,,236,,
146508,"T.I.M.E Stories",2015,319,7.16826,7.36542,28173,0,,,,,,,91,
356123,"Turing Machine",2022,320,7.16645,7.65605,8468,0,,,,,,233,,
244271,"Dice Throne: Season Two – Battle Chest",2018,321,7.16596,8.04795,4918,0,,,,51,,,,
284189,"Foundations of Rome",2022,322,7.1659,8.05173,4459,0,,,,,,190,,
400314,Apiary,2023,323,7.16579,7.78842,6511,0,,,,,,207,,
139976,"Cthulhu Wars",2015,324,7.16393,7.85061,6459,0,,,,,,219,52,
342070,"Thunder Road: Vendetta",2023,325,7.16321,7.96258,4886,0,,,,48,,,50,
108745,Seasons,2012,326,7.16178,7.34316,25678,0,,,,,,251,,
92828,"Dixit: Odyssey",2011,327,7.16076,7.39204,21876,0,,,,,18,,,
155068,"Arcadia Quest",2014,328,7.15407,7.59531,10605,0,,,,,,,72,
46213,Telestrations,2009,329,7.15215,7.38113,19335,0,,,,,17,,,
295374,"Long Shot: The Dice Game",2022,330,7.15144,7.58494,8917,0,,,,64,,,,
160477,Onitama,2014,331,7.14718,7.34544,23404,0,18,,,,,,,
176734,"The Manhattan Project: Energy Empire",2016,332,7.14677,7.73749,6334,0,,,,,,209,,
257499,"Arkham Horror (Third Edition)",2018,333,7.14637,7.68889,10081,0,,,,,,,71,
277085,"Love Letter",2019,334,7.14634,7.51547,12248,0,,,,73,16,,,
19777,Indonesia,2005,335,7.1457,7.88359,4824,0,,,,,,181,,
50,"Lost Cities",1999,336,7.14499,7.24899,48391,0,,,,82,,,,
66589,Navegador,2010,337,7.14447,7.53675,9442,0,,,,,,229,,
24181,Imperial,2006,338,7.14428,7.59513,8880,0,,,,,,223,,
318184,"Imperium: Classics",2021,339,7.14216,7.69677,7555,0,,,,,,228,,
331106,"The Witcher: Old World",2023,340,7.14177,7.94433,7200,0,,,,,,,77,
97207,"Dungeon Petz",2011,341,7.13562,7.39294,15265,0,,,,,,250,,
172,"For Sale",1997,342,7.13484,7.26033,32406,0,,,,81,,,,
262211,Cloudspire,2019,343,7.1308,8.17926,3966,0,,,,,,194,,
38453,"Space Alert",2008,344,7.13064,7.38744,16299,0,,,,,,,97,
358661,"Andromeda's Edge",2024,345,7.12986,8.39964,3241,0,,,,,,173,,
5,Acquire,1964,346,7.12922,7.35166,21175,0,,,,,,269,,
155873,"Power Grid Deluxe: Europe/North America",2014,347,7.12769,7.94653,4535,0,,,,,,198,,
345972,"Cat in the Box: Deluxe Edition",2022,348,7.12711,7.49728,10325,0,,,,71,,,,
111341,"The Great Zimbabwe",2012,349,7.1271,7.8428,5062,0,,,,,,197,,
22545,"Age of Empires III: The Age of Discovery",2007,350,7.12627,7.50638,10389,0,,,,,,240,,
129622,"Love Letter",2012,351,7.124,7.22538,69510,0,,,,99,,,,
319966,"The King Is Dead: Second Edition",2020,352,7.12332,7.61982,7633,0,,,,,,237,,
2653,"Survive: Escape from Atlantis!",1982,353,7.12281,7.31437,26878,0,,,,86,,,,
332800,"Summoner Wars (Second Edition)",2021,354,7.12203,8.08634,4195,0,,7,,,,211,,
154203,"Imperial Settlers",2014,355,7.11987,7.30641,24780,0,,,,,,280,,
187617,"Nemo's War (Second Edition)",2017,356,7.11904,7.81638,5552,0,,,,,,,56,
245655,"The King's Dilemma",2019,357,7.11845,7.72273,6506,0,,,,,,,62,
143693,"Glass Road",2013,358,7.11768,7.41994,12211,0,,,,,,247,,
54,Tikal,1999,359,7.11761,7.32108,20827,0,,,,,,272,,
370591,"Dorfromantik: The Board Game",2022,360,7.11616,7.63383,7941,0,,,,72,,,,
209685,"Century: Spice Road",2017,361,7.11614,7.29894,26431,0,,,,88,,,,
350316,"Wayfarers of the South Tigris",2022,362,7.1156,7.79616,5551,0,,,,,,221,,
184921,"Bunny Kingdom",2017,363,7.1146,7.41883,13816,0,,,,79,,259,,
181279,"Fury of Dracula (Third/Fourth Edition)",2015,364,7.11458,7.41177,15022,0,,,,,,,94,
136888,Bruges,2013,365,7.11275,7.42669,11961,0,,,,,,249,,
367966,"Endeavor: Deep Sea",2024,366,7.11142,8.24228,3361,0,,,,,,184,,
54138,"Imperial 2030",2009,367,7.11094,7.64446,7046,0,,,,,,232,,
93260,"Summoner Wars: Master Set",2011,368,7.11051,7.47617,11074,0,,21,,,,262,,
163967,"Tiny Epic Galaxies",2015,369,7.10992,7.32934,21347,0,,,,,,299,,
227789,"Heaven & Ale",2017,370,7.10979,7.53522,8836,0,,,,,,242,,
234277,Nusfjord,2017,371,7.10844,7.64517,6794,0,,,,,,234,,
188866,"Awkward Guests: The Walton Case",2016,372,7.10825,7.5612,8866,0,,,,74,,,,
47,Chinatown,1999,373,7.10742,7.43545,11830,0,,,,80,,256,,
285192,Destinies,2021,374,7.1058,7.69217,9190,0,,,,,,,79,
48726,"Alien Frontiers",2010,375,7.10246,7.35092,15404,0,,,,,,268,,
260180,"Project L",2020,376,7.10121,7.47101,11122,0,,,,78,,,,
336986,Flamecraft,2022,377,7.10102,7.41165,17045,0,,,,92,,330,,
59294,Runewars,2010,378,7.10069,7.6082,8464,0,,,,,,254,73,
203420,"Exit: The Game – The Abandoned Cabin",2016,379,7.09886,7.41719,11766,0,,,,,,,82,
40692,"Small World",2009,380,7.09686,7.20026,72958,0,,,,108,,336,,
172081,"Burgle Bros.",2015,381,7.09375,7.4222,11963,0,,,,84,,,105,
63888,Innovation,2010,382,7.09053,7.30054,19139,0,,,,,,288,,
172818,"Above and Below",2015,383,7.09043,7.35509,16552,0,,,,,,297,117,
25292,"Merchants & Marauders",2010,384,7.09016,7.39286,14473,0,,,,,,,106,
301880,"Raiders of Scythia",2020,385,7.09014,7.72252,6136,0,,,,,,244,,
21241,"Neuroshima Hex",2006,386,7.08962,7.38841,15342,0,,,,,,300,,
304420,Bonfire,2020,387,7.08922,7.62999,7004,0,,,,,,245,,
193037,"Dead of Winter: The Long Night",2016,388,7.08884,7.51937,10188,0,,,,,,,89,
140934,Arboretum,2015,389,7.08719,7.27474,21990,0,,,,97,,,,
345584,"Mindbug: First Contact",2022,390,7.08568,7.64374,7406,0,,,,77,,264,,
202426,"Sidereal Confluence",2017,391,7.08544,7.77825,5468,0,,,,,,235,,
13122,Antiquity,2004,392,7.08462,7.84179,4584,0,,,,,,218,,
318084,Furnace,2020,393,7.0844,7.40138,11902,0,,,,,,271,,
219513,Bärenpark,2017,394,7.08397,7.2867,19848,0,,,,93,,,,
350933,"The Guild of Merchant Explorers",2022,395,7.08209,7.66724,6074,0,,,,70,,246,,
176920,"Mission: Red Planet (Second/Third Edition)",2015,396,7.08208,7.3971,11848,0,,,,,,273,,
77130,"Sid Meier's Civilization: The Board Game",2010,397,7.08148,7.37292,16124,0,,,,,,292,,
349067,"The Lord of the Rings: The Card Game – Revised Core Set",2022,398,7.08013,8.46641,3004,0,,6,,,,,,
59959,"Letters from Whitechapel",2011,399,7.07987,7.34175,16513,0,,,,,,311,118,
246192,Gizmos,2018,400,7.07858,7.36976,13639,0,,,,90,,,,
39856,Dixit,2008,401,7.07836,7.19225,67423,0,,,,,27,,,
308119,"Pax Renaissance: 2nd Edition",2021,402,7.07806,8.43665,2742,0,,,,,,185,,
336382,"Marvel United: X-Men",2021,403,7.07765,8.02575,4075,0,,,,67,,,,
297030,"Tekhenu: Obelisk of the Sun",2020,404,7.07585,7.68427,6141,0,,,,,,243,,
45315,"Dungeon Lords",2009,405,7.07574,7.35031,14126,0,,,,,,284,,
199042,"Harry Potter: Hogwarts Battle",2016,406,7.07526,7.36012,20500,0,,,,105,,,132,
128271,Ginkgopolis,2012,407,7.07283,7.49282,8397,0,,,,,,252,,
146439,"BattleLore: Second Edition",2013,408,7.07256,7.68002,6472,0,,,,,,,,62
379078,Expeditions,2023,409,7.0723,7.66058,6806,0,,,,,,253,,
276182,"Dead Reckoning",2022,410,7.06994,8.16569,3407,0,,,,,,217,,
70919,Takenoko,2011,411,7.06884,7.20546,46154,0,,,,110,,,,
311988,"Frostpunk: The Board Game",2022,412,7.06777,8.1953,3735,0,,,,,,231,51,
247367,"Air, Land, & Sea",2019,413,7.06737,7.4632,9335,0,,,,,,282,,
181304,Mysterium,2015,414,7.0649,7.20563,46223,0,,,,115,,,135,
245934,"Carpe Diem",2018,415,7.06365,7.51049,8179,0,,,,,,257,,
155987,Abyss,2014,416,7.06355,7.32701,15659,0,,,,,,313,,
40354,Maria,2009,417,7.06292,7.99121,3795,0,,,,,,,,15
37046,"Ghost Stories",2008,418,7.06258,7.26335,21556,0,,,,,,329,,
8217,"San Juan",2004,419,7.06181,7.23194,24035,0,,,,,,321,,
372,"Schotten Totten",1999,420,7.06132,7.36161,12491,0,,,,91,,,,
41114,"The Resistance",2009,421,7.06027,7.20386,41649,0,,,,,35,,,
274638,"Unmatched: Robin Hood vs. Bigfoot",2019,422,7.0592,7.91092,4578,0,,,,,,255,,
119890,"Agricola: All Creatures Big and Small",2012,423,7.0592,7.32928,13973,0,,,,,,308,,
90137,"Blood Bowl: Team Manager – The Card Game",2011,424,7.05722,7.39615,11605,0,,,,,,,103,
333255,"Keep the Heroes Out!",2022,425,7.05618,8.00627,4293,0,,,,,,,69,
342810,Marrakesh,2022,426,7.05594,8.12686,3302,0,,,,,,215,,
163745,"Star Wars: Armada",2015,427,7.05358,7.81814,5582,0,,,,,,,67,52
192458,"51st State: Master Set",2016,428,7.05106,7.57333,7210,0,,,,,,260,,
222509,"Lords of Hellas",2018,429,7.05097,7.63742,7479,0,,,,,,283,,
234,"Hannibal: Rome vs. Carthage",1996,430,7.04809,7.77932,5040,0,,,,,,,,24
246684,"Smartphone Inc.",2018,431,7.0467,7.56817,6729,0,,,,,,258,,
234487,Altiplano,2017,432,7.04661,7.44774,9365,0,,,,,,285,,
269210,"Twice as Clever!",2019,433,7.0461,7.43233,9487,0,,,,85,,,,
24480,"The Pillars of the Earth",2006,434,7.04552,7.26117,18158,0,,,,,,319,,
25554,"Notre Dame",2007,435,7.04456,7.31232,13540,0,,,,,,301,,
244711,Newton,2018,436,7.04367,7.51628,7549,0,,,,,,261,,
260428,"Fall of Rome",2018,437,7.04319,7.61032,6557,0,,,,,,274,,
195539,"The Godfather: Corleone's Empire",2017,438,7.04117,7.52788,8035,0,,,,,,290,,
39683,"At the Gates of Loyang",2009,439,7.03542,7.35494,11399,0,,,,,,298,,
101721,"Mage Wars Arena",2012,440,7.03389,7.5722,7939,0,,17,,,,,,
9217,"Saint Petersburg",2004,441,7.03363,7.27032,16257,0,,,,,,326,,
250458,Gùgōng,2018,442,7.03284,7.42883,9238,0,,,,,,289,,
315767,"Cartographers Heroes",2021,443,7.03267,7.74804,5028,0,,,,76,,266,,
385529,"The Vale of Eternity",2023,444,7.02973,7.62641,6088,0,,,,83,,278,,
284742,"Honey Buzz",2020,445,7.0282,7.53861,7421,0,,,,89,,312,,
171,Chess,1475,446,7.02584,7.22542,38187,0,46,,,,,,,
357563,Akropolis,2022,447,7.02515,7.47313,8426,0,,,,95,,,,
351040,"Ready Set Bet",2022,448,7.0238,7.54652,6686,0,,,,,13,,,
15987,"Arkham Horror",2005,449,7.02373,7.23771,39911,0,,,,,,,145,
70323,"King of Tokyo",2011,450,7.02214,7.12527,72946,0,,,,132,,,,
92415,Skull,2011,451,7.01948,7.18512,25754,0,,,,,32,,,
258210,"Blitzkrieg!: World War Two in 20 Minutes",2019,452,7.01854,7.5717,6258,0,,,,,,281,,72
177478,IKI,2015,453,7.01736,7.62421,5970,0,,,,,,275,,
194594,"Dice Forge",2017,454,7.0168,7.22279,23059,0,,,,120,,,,
215311,Downforce,2017,455,7.01515,7.27637,14446,0,,,,111,,,,
322708,"Descent: Legends of the Dark",2021,456,7.01437,7.92544,5212,0,,,,,,,66,
265736,"Tiny Towns",2019,457,7.01432,7.21484,20552,0,,,,116,,,,
236191,"London (Second Edition)",2017,458,7.01341,7.49073,7373,0,,,,,,294,,
1,"Die Macher",1986,459,7.01314,7.58988,5888,0,,,,,,263,,
31594,"In the Year of the Dragon",2007,460,7.01314,7.2955,12326,0,,,,,,323,,
21348,"Ticket to Ride: Märklin",2006,461,7.01283,7.41088,9279,0,,,,101,,327,,
33160,Endeavor,2009,462,7.0123,7.37268,9616,0,,,,,,309,,
303057,"Pan Am",2020,463,7.01194,7.53488,7040,0,,,,,,317,,
343905,Boonlake,2021,464,7.01176,7.63784,5508,0,,,,,,267,,
298069,Cubitos,2021,465,7.00969,7.39418,9626,0,,,,106,,,,
198773,"Codenames: Pictures",2016,466,7.00562,7.18241,23757,0,,,,,30,,,
256226,"Azul: Stained Glass of Sintra",2018,467,7.00503,7.29521,14147,0,19,,,114,,,,
144592,"Bruxelles 1893",2013,468,7.00441,7.60148,5705,0,,,,,,277,,
128671,"Spartacus: A Game of Blood and Treachery",2012,469,7.00417,7.46435,9193,0,,,,,,,119,
166669,"San Juan (Second Edition)",2014,470,7.00353,7.44728,7609,0,,,,,,315,,
293141,"King of Tokyo: Dark Edition",2020,471,7.00248,7.66966,5673,0,,,,96,,,,
206480,"Imperial Struggle",2020,472,7.00199,8.25074,2973,0,,,,,,248,,6
367150,"Dune: War for Arrakis",2024,473,6.99972,8.52758,2596,0,,,,,,,44,14
71,Civilization,1980,474,6.99945,7.49268,7607,0,,,,,,333,,
34219,Biblios,2007,475,6.99939,7.19818,18000,0,,,,119,,351,,
138161,"Firefly: The Game",2013,476,6.99882,7.38457,12323,0,,,,,,,125,
182134,"Evolution: Climate",2016,477,6.99733,7.4647,8252,0,,,,,,339,,
17392,"Here I Stand",2006,478,6.99625,7.88099,3954,0,,,,,,,,21
186751,"Mythic Battles: Pantheon",2017,479,6.99365,8.30911,3363,0,,,,,,286,,
292375,"The Great Wall",2021,480,6.99329,7.83155,4634,0,,,,,,279,,
262543,Wavelength,2019,481,6.99125,7.24239,15408,0,,,,,24,,,
318182,"Imperium: Legends",2021,482,6.99081,7.84125,4251,0,,,,,,270,,
170771,"Sword & Sorcery",2017,483,6.98926,7.87949,5173,0,,,,,,,76,
229220,"Santa Maria",2017,484,6.98811,7.46773,7241,0,,,,,,316,,
151347,"Millennium Blades",2016,485,6.98599,7.66451,5334,0,,,,,,296,86,
251658,Sprawlopolis,2018,486,6.98434,7.29254,11564,0,,,,118,,357,,
54625,"Space Hulk (Third Edition)",2009,487,6.98382,7.53163,7187,0,,,,,,,98,
204305,"Sherlock Holmes Consulting Detective: Jack the Ripper & West End Adventures",2016,488,6.98342,7.5709,6241,0,,,,,,,99,
66188,Fresco,2010,489,6.98303,7.24444,13354,0,,,,121,,348,,
100901,"Flash Point: Fire Rescue",2011,490,6.97827,7.15023,24758,0,,,,136,,,149,
328565,"Caper: Europe",2022,491,6.97799,7.67402,4898,0,,,,94,,,,
62222,"Commands & Colors: Napoleonics",2010,492,6.97763,8.05147,3379,0,,,,,,,,12
55670,Macao,2009,493,6.97747,7.40592,7560,0,,,,,,322,,
40765,"Clash of Cultures",2012,494,6.97744,7.57,5864,0,,,,,,305,,
290484,Unsettled,2021,495,6.97672,8.10704,3196,0,,,,,,,60,
161614,Stockpile,2015,496,6.9767,7.43966,7418,0,,,,,,332,,
27162,Kingsburg,2007,497,6.97629,7.1709,19884,0,,,,131,,370,,
355093,Woodcraft,2022,498,6.97624,7.61848,5353,0,,,,,,307,,
154809,Nippon,2015,499,6.97541,7.62792,5045,0,,,,,,287,,
215341,"Thunderstone Quest",2018,500,6.97326,7.75121,4613,0,,,,,,293,,
329500,"Unconscious Mind",2024,501,6.97285,7.96662,3688,0,,,,,,276,,
150,PitchCar,1995,502,6.97266,7.26902,11293,0,,,,122,23,,,
124708,"Mice and Mystics",2012,503,6.97242,7.21913,19983,0,,,,,,,143,
356033,"Libertalia: Winds of Galecrest",2022,504,6.97233,7.46452,7161,0,,,,109,,341,,
316412,"The LOOP",2020,505,6.97192,7.7186,4888,0,,,,,,324,,
264241,Mandala,2019,506,6.97091,7.47564,6574,0,9,,,104,,,,
156858,"Black Orchestra",2016,507,6.96985,7.49897,6825,0,,,,,,,110,
334590,"For Northwood! A Solo Trick-Taking Game",2021,508,6.9692,7.8645,3752,0,,,,87,,291,,
18833,"Lord of the Rings: The Confrontation",2005,509,6.96901,7.49866,6559,0,,,,,,331,,
121,Dune,1979,510,6.96769,7.58735,5932,0,,,,,,340,107,
192153,"Reign of Cthulhu",2016,511,6.96753,7.36408,10614,0,,,,,,391,127,
36932,Claustrophobia,2009,512,6.96745,7.46836,7111,0,,,,,,,112,
354934,"Legacy of Yu",2023,513,6.96696,8.13433,2910,0,,,,,,265,,
286751,"Zombicide: 2nd Edition",2021,514,6.96482,7.955,4381,0,,,,,,,96,
11170,"Heroscape Master Set: Rise of the Valkyrie",2004,515,6.96461,7.45559,8354,0,,29,,,,,120,
63628,"The Manhattan Project",2012,516,6.96377,7.31385,10024,0,,,,,,354,,
335764,"Unmatched: Battle of Legends, Volume Two",2021,517,6.96361,8.25556,2817,0,,,,,,295,,
338834,"MicroMacro: Crime City – Full House",2021,518,6.96296,7.67291,4634,0,,,,98,,,,
271601,"Feed the Kraken",2022,519,6.96147,7.81906,4400,0,,,,,15,,,
325635,"Unmatched: Little Red Riding Hood vs. Beowulf",2020,520,6.96097,8.10961,3165,0,,,,,,306,,
315610,"Massive Darkness 2: Hellscape",2022,521,6.96046,8.04194,3532,0,,,,,,,63,
243,"Advanced Squad Leader",1985,522,6.96019,8.00951,3882,0,,,,,,,,18
96913,Lancaster,2011,523,6.95767,7.38694,7682,0,,,,,,337,,
175095,"Dawn of the Zeds (Third Edition)",2016,524,6.95614,8.1525,2938,0,,,,,,,58,
169427,"Middara: Unintentional Malum – Act 1",2019,525,6.95497,8.56409,2631,0,,,,,,,42,
353288,"Trekking Through History",2022,526,6.95463,7.57315,5429,0,,,,102,,,,
66362,"Glen More",2010,527,6.95437,7.29469,9384,0,,,,,,347,,
158899,"Colt Express",2014,528,6.95364,7.0955,33600,0,,,,151,,,,
12942,"No Thanks!",2004,529,6.95363,7.07998,28602,0,,,,143,,,,
79828,"A Few Acres of Snow",2011,530,6.95358,7.37131,8035,0,,,,,,345,,89
205398,Citadels,2016,531,6.9533,7.24704,15467,0,,,,141,,,,
220,"High Society",1995,532,6.95293,7.18478,14858,0,,,,134,,,,
11,Bohnanza,1997,533,6.95289,7.06946,48608,0,,,,157,,,,
176396,Quadropolis,2016,534,6.95256,7.22029,13242,0,,,,129,,,,
256730,Pipeline,2019,535,6.95188,7.57647,5295,0,,,,,,325,,
256952,"Zombie Kidz Evolution",2018,536,6.9494,7.59903,5580,0,,,1,113,,,,
270844,"Imperial Settlers: Empires of the North",2019,537,6.94758,7.40577,7671,0,,,,,,350,,
269144,Hadara,2019,538,6.94731,7.39011,7623,0,,,,,,344,,
239942,"Black Rose Wars",2019,539,6.94676,7.93166,4066,0,,,,,,320,,
216600,"Fantastic Factories",2019,540,6.94584,7.42274,7198,0,,,,117,,352,,
290359,"Undaunted: North Africa",2020,541,6.94546,7.77932,4204,0,,,,,,,95,51
365258,"World Wonders",2023,542,6.94354,7.62534,5110,0,,,,103,,338,,
274960,"Point Salad",2019,543,6.94281,7.12468,21015,0,,,,142,,,,
144189,"Fire in the Lake",2014,544,6.94256,8.06656,3075,0,,,,,,,,17
233312,"Stuffed Fables",2018,545,6.94154,7.43598,7772,0,,,,130,,,124,
194607,"Mystic Vale",2016,546,6.94075,7.24376,12210,0,,,,,,390,,
478,Citadels,2000,547,6.9373,7.05749,55823,0,,,,177,,453,,
319910,"Pagan: Fate of Roanoke",2022,548,6.93514,8.00375,3233,0,,15,,,,303,,
368173,"Let's Go! To Japan",2024,549,6.93466,7.68033,4449,0,,,,107,,,,
15062,"Shadows over Camelot",2005,550,6.93344,7.09984,28061,0,,,,,,,162,
5404,Amun-Re,2003,551,6.93327,7.28628,9437,0,,,,,,361,,
43570,Friday,2011,552,6.9323,7.11323,22137,0,,,,,,427,,
20437,"Lords of Vegas",2010,553,6.93188,7.35443,7833,0,,,,,,368,,
290236,Canvas,2021,554,6.93173,7.22343,13907,0,,,,144,,,,
552,Bus,1999,555,6.93154,7.66751,4252,0,,,,,,314,,
98778,Hanabi,2010,556,6.93123,7.03604,50163,0,,,,172,,,,
137408,Amerigo,2013,557,6.92989,7.43638,6309,0,,,,,,342,,
503,"Through the Desert",1998,558,6.92979,7.14847,15112,0,20,,,,,395,,
180974,"Potion Explosion",2015,559,6.92942,7.12355,20591,0,,,,154,,,,
193042,"Junk Art",2016,560,6.92877,7.36502,7895,0,,,,124,21,,,
25417,BattleLore,2006,561,6.92833,7.34806,9414,0,,,,,,,140,114
226522,"Exit: The Game – Dead Man on the Orient Express",2017,562,6.92788,7.54502,5260,0,,,,112,,,92,
150658,"Pandemic: The Cure",2014,563,6.92603,7.23876,10891,0,,,,135,,399,,
240196,"Betrayal Legacy",2018,564,6.9254,7.67166,5085,0,,,,,,,113,
157969,"Sheriff of Nottingham",2014,565,6.92448,7.05858,36667,0,,,,171,41,,,
136063,"Forbidden Desert",2013,566,6.92433,7.06873,31822,0,,,,166,,,,
283393,Aquatica,2019,567,6.92267,7.37077,7244,0,,,,,,365,,
162082,Deus,2014,568,6.92252,7.26883,9378,0,,,,,,372,,
83330,"Mansions of Madness",2011,569,6.92108,7.2547,13850,0,,,,,,,146,
385610,"Kutná Hora: The City of Silver",2023,570,6.92107,7.77189,4058,0,,,,,,334,,
712,"Blood Bowl (Third Edition)",1994,571,6.91671,7.55597,5671,0,,,,,,401,116,
17226,"Descent: Journeys in the Dark",2005,572,6.91647,7.27594,11819,0,,,,,,,141,
13,CATAN,1995,573,6.91447,7.09447,133489,0,,,,201,,534,,
197376,Charterstone,2017,574,6.91436,7.19535,14973,0,,,,,,419,,
232414,Oceans,2020,575,6.91434,7.42235,7075,0,,,,,,377,,
21790,"Thurn and Taxis",2006,576,6.91322,7.09105,20374,0,,,,158,,421,,
105134,"Risk Legacy",2011,577,6.91286,7.35449,8676,0,,,,,,410,,
191862,Imhotep,2016,578,6.91259,7.13368,16209,0,,,,155,,,,
381297,"Unmatched Adventures: Tales to Amaze",2023,579,6.91155,8.032,3139,0,,,,100,,335,,
242705,"Aeon Trespass: Odyssey",2022,580,6.90908,9.02846,2474,0,,,,,,,48,
266830,QE,2019,581,6.90902,7.3638,6834,0,,,,125,,366,,
359438,Skymines,2022,582,6.90839,7.9789,3000,0,,,,,,302,,
245654,"Railroad Ink: Deep Blue Edition",2018,583,6.90809,7.16468,13829,0,,,,156,,,,
177639,Raptor,2015,584,6.90801,7.2325,10513,0,,,,,,405,,
6249,Alhambra,2003,585,6.90735,7.03285,34395,0,,,,170,,447,,
367498,"Horizons of Spirit Island",2022,586,6.90498,8.16315,2590,0,,,,,,318,,
144797,"Argent: The Consortium",2015,587,6.90495,7.61735,4521,0,,,,,,343,,
146791,"Shadows of Brimstone: City of the Ancients",2014,588,6.90493,7.95084,4000,0,,,,,,,85,
156009,"Port Royal",2014,589,6.90338,7.11279,18249,0,,,,160,,,,
252328,"Star Wars: X-Wing (Second Edition)",2018,590,6.90307,8.03928,3201,0,,11,,,,,,66
293296,"Splendor: Marvel",2020,591,6.90241,7.57492,5407,0,,,,127,,,,
62227,"Labyrinth: The War on Terror, 2001 – ?",2010,592,6.9016,7.56952,5064,0,,,,,,378,,63
142379,"Escape Plan",2019,593,6.9004,7.50286,5504,0,,,,,,359,,
9674,Ingenious,2004,594,6.89817,7.09943,17509,0,27,,,,,,,
307002,Regicide,2020,595,6.89782,7.41663,6601,0,,,,137,,403,,
353545,"Next Station: London",2022,596,6.89768,7.44329,5883,0,,,,126,,,,
128996,"1775: Rebellion",2013,597,6.89501,7.63138,4353,0,,,,,,,,50
97786,"Small World Underground",2011,598,6.89424,7.22587,11248,0,,,,159,,426,,
17405,"1846: The Race for the Midwest",2005,599,6.89415,7.89682,3062,0,,,,,,310,,
15985,"Blood Bowl: Living Rulebook",2004,600,6.89411,7.84884,3441,0,,,,,,,83,
340466,Unfathomable,2021,601,6.89402,7.49082,6117,0,,,,,,,121,
280794,Etherfields,2020,602,6.89394,7.89304,4252,0,,,,,,,102,
245961,"Fleet: The Dice Game",2018,603,6.89291,7.64054,4217,0,,,,,,346,,
117959,"Las Vegas",2012,604,6.89193,7.17104,11779,0,,,,153,,,,
119506,"Freedom: The Underground Railroad",2013,605,6.89168,7.57893,4561,0,,,,,,353,109,
284435,"Nova Luna",2019,606,6.89131,7.26939,9194,0,22,,,146,,,,
31999,TZAAR,2007,607,6.89121,7.66579,3991,0,7,,,,,,,
262215,"Blackout: Hong Kong",2018,608,6.89063,7.41156,6159,0,,,,,,371,,
196326,"Love Letter: Premium Edition",2016,609,6.88996,7.43382,6182,0,,,,139,22,,,
318009,"Dinosaur Island: Rawr 'n Write",2021,610,6.88708,7.69589,4044,0,,,,,,355,,
379629,Knarr,2023,611,6.88642,7.48709,5358,0,,,,128,,,,
348450,Lacrimosa,2022,612,6.88583,7.66037,4186,0,,,,,,349,,
153938,"Camel Up",2014,613,6.8856,7.03546,28016,0,,,,184,,,,
181530,"Runebound (Third Edition)",2015,614,6.88559,7.47681,6402,0,,,,,,,128,
171668,"The Grizzled",2015,615,6.8847,7.12405,15100,0,,,,,,,163,
18,RoboRally,1994,616,6.88435,7.05096,24122,0,,,,,,470,190,
31730,"Wabash Cannonball",2007,617,6.88383,7.25099,8485,0,,,,,,397,,
133473,"Sushi Go!",2013,618,6.88313,6.99481,49192,0,,,,193,,,,
125618,Libertalia,2012,619,6.88269,7.11084,14458,0,,,,,,435,,
91312,"Discworld: Ankh-Morpork",2011,620,6.88265,7.25219,10657,0,,,,,,,168,
90419,"Airlines Europe",2011,621,6.8803,7.30029,7497,0,,,,145,,394,,
170561,"Valeria: Card Kingdoms",2016,622,6.87883,7.4427,6087,0,,,,140,,404,,
206941,"First Class: All Aboard the Orient Express!",2016,623,6.8787,7.41212,5826,0,,,,,,373,,
28023,Jamaica,2007,624,6.87859,7.06087,21171,0,,,,180,,,,
336794,"Galaxy Trucker (Second Edition)",2021,625,6.87555,7.44206,5679,0,,,,138,,,139,
127398,"Legends of Andor",2012,626,6.87528,7.09939,19928,0,,,,,,,188,
400602,Civolution,2024,627,6.87475,8.22184,2332,0,,,,,,304,,
65781,London,2010,628,6.87472,7.32643,6626,0,,,,,,385,,
221965,"The Fox in the Forest",2017,629,6.87419,7.07833,16840,0,,,,174,,,,
97842,"Last Will",2011,630,6.87401,7.16724,10687,0,,,,,,420,,
183251,Karuba,2015,631,6.87385,7.16705,11385,0,,,,162,,,,
163968,Elysium,2015,632,6.87323,7.19131,9934,0,,,,,,413,,
248490,"Atlantis Rising (Second Edition)",2019,633,6.87192,7.5116,4936,0,,,,133,,384,,
105551,Archipelago,2012,634,6.87072,7.27768,8371,0,,,,,,414,,
352515,Trio,2021,635,6.8705,7.38606,6701,0,,,,148,,,,
133848,"Euphoria: Build a Better Dystopia",2013,636,6.86901,7.17195,11135,0,,,,,,437,,
27173,Vikings,2007,637,6.86816,7.24026,8591,0,,,,,,411,,
147949,"One Night Ultimate Werewolf",2014,638,6.86806,7.04294,29119,0,,,,,48,,,
367041,"Scholars of the South Tigris",2023,639,6.86771,8.03724,2673,0,,,,,,328,,
84419,"Space Empires 4X",2011,640,6.86703,7.69142,4005,0,,,,,,,,46
95527,Madeira,2013,641,6.86557,7.53841,4560,0,,,,,,362,,
475,"Taj Mahal",2000,642,6.86547,7.26151,7986,0,,,,,,408,,
34119,"Tales of the Arabian Nights",2009,643,6.8649,7.16354,12846,0,,,,,,,170,
22827,"StarCraft: The Board Game",2007,644,6.86453,7.35795,7660,0,,,,,,423,144,
265402,"In the Hall of the Mountain King",2019,645,6.86429,7.5702,4722,0,,,,,,380,,
102652,"Sentinels of the Multiverse",2011,646,6.86383,7.13753,16213,0,,,,,,,183,
2346,DVONN,2001,647,6.86364,7.44273,5496,0,12,,,,,,,
36553,"Time's Up! Title Recall!",2008,648,6.8636,7.6793,3670,0,,,,,10,,,
264055,Draftosaurus,2019,649,6.86245,7.09312,15283,0,,,,182,,,,
296237,"Warp's Edge",2020,650,6.86214,7.69997,3827,0,,,,,,376,,
4390,"Carcassonne: Hunters and Gatherers",2002,651,6.86059,7.13395,13335,0,,,,183,,,,
218074,"Detective: City of Angels",2019,652,6.85888,7.88747,3082,0,,,,,,,88,
151022,"Baseball Highlights: 2045",2015,653,6.85867,7.52582,4684,0,,,,,,392,123,
172308,"Broom Service",2015,654,6.85828,7.1625,10839,0,,,,168,,434,,
170624,"Crusaders: Thy Will Be Done",2018,655,6.85566,7.47793,4895,0,,,,,,381,,
15363,"Nexus Ops",2005,656,6.85436,7.2111,9068,0,,,,,,,153,154
232043,Queendomino,2017,657,6.85287,7.14819,11350,0,,,,176,,,,
128780,"Pax Porfiriana",2012,658,6.85198,7.65632,3812,0,,,,,,369,,
284777,"Unmatched: Jurassic Park – InGen vs Raptors",2020,659,6.8515,8.12966,2608,0,,,,,,364,,
133038,"Pathfinder Adventure Card Game: Rise of the Runelords – Base Set",2013,660,6.85123,7.16473,12832,0,,,,,,,169,
346965,"Azul: Queen's Garden",2021,661,6.8512,7.46099,5422,0,16,,,149,,,,
193949,"Star Trek: Ascendancy",2016,662,6.85034,7.81185,3757,0,,,,,,,115,80
27746,Colosseum,2007,663,6.85032,7.19995,9106,0,,,,167,,432,,
383607,Barcelona,2023,664,6.84973,7.74746,3470,0,,,,,,367,,
42052,Vinhos,2010,665,6.84849,7.46856,4974,0,,,,,,387,,
432,"Take 5",1994,666,6.84744,6.97385,30575,0,,,,198,,,,
216734,"Dice Throne: Season One",2018,667,6.84732,7.50036,6228,0,,,,173,,,,
266121,"Unlock!: Heroic Adventures",2018,668,6.8467,7.60703,3957,0,,,,,,,108,
304051,"Creature Comforts",2022,669,6.84636,7.45541,5704,0,,,,150,,,,
318243,HITSTER,2022,670,6.84598,7.61446,4053,0,,,,,20,,,
58421,Egizia,2009,671,6.84582,7.38673,5512,0,,,,,,398,,
875,"Roads & Boats",1999,672,6.84514,7.69865,3473,0,,,,,,358,,
328866,"My Father's Work",2022,673,6.84453,7.86629,3217,0,,,,,,,93,
42215,Tobago,2009,674,6.84434,7.09882,12406,0,,,,185,,,,
295564,"Unmatched Game System",2019,675,6.84338,8.23643,2340,0,,,,123,,356,,
159508,AquaSphere,2014,676,6.84249,7.25276,7508,0,,,,,,422,,
256999,"Project: ELITE",2020,677,6.84141,7.95567,2820,0,,,,,,,80,
130960,"Triumph & Tragedy: European Balance of Power 1936-1945",2015,678,6.84041,8.14679,2438,0,,,,,,,,10
307305,Bullet♥︎,2021,679,6.83958,7.63123,4002,0,,,,152,,,,
123123,"BattleCON: Devastation of Indines",2013,680,6.83801,7.81307,3360,0,,,,,,374,,
131357,Coup,2012,681,6.83714,6.9796,48959,0,,,,,63,,,
237179,"Weather Machine",2022,682,6.83653,7.74591,3590,0,,,,,,379,,
269511,"Cooper Island",2019,683,6.83413,7.56542,4185,0,,,,,,383,,
141572,Paperback,2014,684,6.83391,7.11047,11127,0,,,,187,,466,,
192836,"The Colonists",2016,685,6.83242,7.54268,4325,0,,,,,,389,,
699,HeroQuest,1989,686,6.83111,7.21103,14306,0,,,,,,,201,
111799,"Cuba Libre",2013,687,6.83068,7.67138,3623,0,,,,,,,,45
244115,"Shards of Infinity",2018,688,6.83026,7.4521,5296,0,,,,,,428,,
362944,"War of the Ring: The Card Game",2022,689,6.82761,7.66032,4001,0,,,,,,406,,
270673,"Silver & Gold",2019,690,6.8271,7.18587,8488,0,,,,175,,,,
46,Medici,1995,691,6.82678,7.18225,8579,0,,,,,,444,,
5782,Coloretto,2003,692,6.82582,6.98113,21889,0,,,,202,,,,
9625,"Struggle of Empires",2004,693,6.82534,7.53399,4316,0,,,,,,396,,
334986,Daybreak,2023,694,6.82471,7.68453,3616,0,,,,,,402,,
39351,Automobile,2009,695,6.82347,7.32765,5854,0,,,,,,412,,
140603,"Francis Drake",2013,696,6.81732,7.37797,5322,0,,,,,,418,,
190082,"Whitehall Mystery",2017,697,6.81618,7.52897,4341,0,,,,,,439,,
291845,"Three Sisters",2022,698,6.81565,7.56052,4053,0,,,,,,424,,
30869,Thebes,2007,699,6.81461,7.124,10064,0,,,,194,,,,
347703,"First Rat",2022,700,6.8146,7.55813,3946,0,,,,147,,407,,
224710,"Zombicide: Green Horde",2018,701,6.81284,7.67932,4467,0,,,,,,,134,
39938,"Carson City",2009,702,6.81261,7.20851,7376,0,,,,,,445,,
113924,Zombicide,2012,703,6.81179,7.09232,19240,0,,,,,,,214,
135219,"The Battle of Five Armies",2014,704,6.8113,7.84588,3054,0,,,,,,,101,43
6472,"A Game of Thrones",2003,705,6.8107,7.16749,10673,0,,,,,,486,,188
155703,Evolution,2014,706,6.8103,7.02579,17468,0,,,,,,506,,
329551,"Mosaic: A Story of Civilization",2022,707,6.80894,7.51359,4412,0,,,,,,415,,
42776,"Gears of War: The Board Game",2011,708,6.80808,7.47153,5186,0,,,,,,,138,
298383,Golem,2021,709,6.80612,7.5381,4198,0,,,,,,409,,
153016,"Telestrations: 12 Player Party Pack",2011,710,6.80375,7.74024,3210,0,,,,,14,,,
160010,Conan,2016,711,6.80258,7.62949,4699,0,,,,,,,129,
3685,"Hammer of the Scots",2002,712,6.80258,7.52362,4194,0,,,,,,,,64
143519,Quantum,2013,713,6.80238,7.22812,7743,0,,,,,,473,,
369880,"Beer & Bread",2022,714,6.80166,7.39496,5221,0,,,,165,,449,,
13004,"The Downfall of Pompeii",2004,715,6.80149,7.16177,8498,0,,,,195,,,,
37904,"Formula D",2008,716,6.80139,6.99377,19971,0,,,,222,,,207,
135779,"A Fake Artist Goes to New York",2011,717,6.80122,7.12726,9356,0,,,,,39,,,
10547,"Betrayal at House on the Hill",2004,718,6.80114,7.01837,47873,0,,,,,,,268,
386368,"Ezra and Nehemiah",2024,719,6.79911,8.24866,2129,0,,,,,,363,,
346501,"Mille Fiori",2021,720,6.79903,7.4299,4634,0,,,,161,,436,,
244114,"Yellow & Yangtze",2018,721,6.79865,7.81496,2880,0,,,,,,382,,
169255,"A Game of Thrones: The Card Game (Second Edition)",2015,722,6.79774,7.49599,5051,0,,18,,,,,,
205359,"Star Wars: Destiny",2016,723,6.79703,7.42717,5558,0,,31,,,,,,
281655,"High Frontier 4 All",2020,724,6.79634,8.40743,2010,0,,,,,,360,78,
328479,"Living Forest",2021,725,6.79599,7.25555,7046,0,,,,190,,,,
1353,"Time's Up!",1999,726,6.79532,7.28576,6037,0,,,,,28,,,
174785,"Mare Nostrum: Empires",2016,727,6.79532,7.52615,4268,0,,,,,,433,,95
258036,"Between Two Castles of Mad King Ludwig",2018,728,6.79494,7.2329,6845,0,,,,191,,,,
212445,"Blood Bowl (2016 Edition)",2016,729,6.79479,7.97354,2776,0,,,,,,,111,
337765,"Brian Boru: High King of Ireland",2021,730,6.79359,7.49353,4108,0,,,,,,416,,
218603,Photosynthesis,2017,731,6.79312,6.95505,24762,0,54,,,221,,,,
24508,Taluva,2006,732,6.79247,7.13871,8896,0,32,,,,,475,,
370913,"Star Wars: The Clone Wars",2022,733,6.79083,7.57343,4152,0,,,,181,,,,
107529,"Kingdom Builder",2011,734,6.7904,6.93728,24061,0,,,,213,,519,,
271518,"Disney Villainous: Wicked to the Core",2019,735,6.79037,7.50823,4940,0,,,,179,,,,
171499,Cacao,2015,736,6.78902,7.07541,11309,0,,,,203,,,,
2398,Cribbage,1630,737,6.78878,7.10145,10508,0,53,,,210,,,,
209778,"Magic Maze",2017,738,6.78763,6.94726,22561,0,,,,225,52,,,
3201,"Lord of the Rings: The Confrontation",2002,739,6.78695,7.21761,7085,0,,,,,,469,,
100423,"Elder Sign",2011,740,6.78644,6.96973,25735,0,,,,,,,219,
262941,"Dominant Species: Marine",2021,741,6.78634,7.91609,2567,0,,,,,,375,,
273330,"Bloodborne: The Board Game",2021,742,6.78208,7.75349,3911,0,,,,,,,130,
334065,Verdant,2022,743,6.78102,7.32851,5760,0,,,,188,,,,
21763,"Mr. Jack",2006,744,6.7809,6.96925,18492,0,,,,,,529,,
416851,"Castle Combo",2024,745,6.78061,7.5832,3729,0,,,,163,,,,
326494,"The Adventures of Robin Hood",2021,746,6.78011,7.46506,4532,0,,,,,,,150,
306040,"Merv: The Heart of the Silk Road",2020,747,6.77999,7.49064,4200,0,,,,,,430,,
296912,Fort,2020,748,6.77977,7.0878,10742,0,,,,,,508,,
121408,Trains,2012,749,6.77935,7.12306,8566,0,,,,,,483,,
300300,"Chronicles of Crime: 1400",2020,750,6.77912,7.69169,4106,0,,,,,,,126,
233247,"Civilization: A New Dawn",2017,751,6.77873,7.24873,7231,0,,,,,,484,,
283864,"Trails of Tucana",2019,752,6.77832,7.37415,4857,0,,,,178,,,,
163166,"One Night Ultimate Werewolf: Daybreak",2015,753,6.77591,7.28364,6183,0,,,,,36,,,
387866,"Star Wars: Unlimited",2024,754,6.77387,8.11287,2386,0,,9,,,,,,
1513,"The Republic of Rome",1990,755,6.77318,7.53962,4248,0,,,,,,464,,
306881,"Railroad Ink Challenge: Lush Green Edition",2021,756,6.77267,7.60362,3414,0,,,,164,,,,
163839,Feudum,2018,757,6.77207,7.59285,4047,0,,,,,,443,,
345868,Federation,2022,758,6.77198,7.87197,2670,0,,,,,,400,,
361545,"Twilight Inscription",2022,759,6.77188,7.4503,4482,0,,,,,,454,,
198953,"Pax Renaissance",2016,760,6.77158,7.97507,2486,0,,,,,,393,,
119432,Snowdonia,2012,761,6.77033,7.32101,5070,0,,,,,,452,,
183562,"Star Wars: X-Wing Miniatures Game – The Force Awakens Core Set",2015,762,6.76987,7.72389,3180,0,,13,,,,,,78
132018,Churchill,2015,763,6.76937,7.67512,3258,0,,,,,,441,,44
41,"Can't Stop",1980,764,6.76917,6.92623,19821,0,,,,226,,,,
204472,"Sub Terra",2017,765,6.76747,7.36573,5705,0,,,,204,,,182,
284760,"Disney Villainous: Evil Comes Prepared",2019,766,6.76699,7.50529,4651,0,,,,192,,,,
279613,"Unlock!: Timeless Adventures",2019,767,6.76644,7.74767,2851,0,,,,,,,104,
113294,"Escape: The Curse of the Temple",2012,768,6.76529,6.9584,17246,0,,,,232,,,,
180511,Shakespeare,2015,769,6.76529,7.41101,4477,0,,,,,,451,,
58281,"Summoner Wars",2009,770,6.76515,7.22709,6700,0,,35,,,,,,
23540,"Shikoku 1889",2004,771,6.76397,7.99074,2263,0,,,,,,388,,
231581,AuZtralia,2018,772,6.76383,7.34733,5023,0,,,,,,465,,
283863,"The Magnificent",2019,773,6.76307,7.49648,3961,0,,,,,,442,,
193558,"The Oracle of Delphi",2016,774,6.76282,7.29562,5337,0,,,,,,462,,
69789,"Ascension: Deckbuilding Game",2010,775,6.76239,7.04085,13793,0,,,,,,550,,
88,Torres,1999,776,6.76226,7.08525,9856,0,31,,,,,505,,
202670,"Ticket to Ride: Rails & Sails",2016,777,6.76092,7.43147,4932,0,,,,197,,,,
286063,"The 7th Citadel",2024,778,6.75987,8.51102,1917,0,,,,,,,84,
301255,"Whistle Mountain",2020,779,6.75948,7.55292,3575,0,,,,,,438,,
30380,Cuba,2007,780,6.75811,7.12164,8423,0,,,,,,496,,
50750,Belfort,2011,781,6.75781,7.20854,6434,0,,,,,,480,,
2955,Mexica,2002,782,6.75606,7.24124,6087,0,,,,,,478,,
346703,"7 Wonders: Architects",2021,783,6.75579,7.04178,11728,0,,,,217,,,,
266164,Babylonia,2019,784,6.75573,7.64893,3071,0,,,,,,425,,
242639,"Treasure Island",2018,785,6.75513,7.20727,6667,0,,,,206,,,184,
257501,"KeyForge: Call of the Archons",2018,786,6.75505,7.0866,11552,0,,42,,,,,,
300905,"Top Ten",2020,787,6.75482,7.45926,4138,0,,,,,25,,,
29603,"D-Day at Omaha Beach",2009,788,6.75465,8.30618,1967,0,,,,,,,,5
341945,"La Granja: Deluxe Master Set",2023,789,6.75451,8.27608,1846,0,,,,,,386,,
180593,"The Bloody Inn",2015,790,6.75365,7.06159,10074,0,,,,,,520,,
213893,Yamataï,2017,791,6.75232,7.18557,6820,0,,,,,,497,,
183840,"Oh My Goods!",2015,792,6.75135,6.99413,13223,0,,,,,,540,,
123540,Tokaido,2012,793,6.7506,6.91816,27142,0,,,,256,,,,
167400,"Ashes Reborn: Rise of the Phoenixborn",2015,794,6.75055,7.30487,6245,0,,36,,,,,,
220517,"The Shipwreck Arcana",2017,795,6.74952,7.42911,4118,0,,,,,,476,,
219650,"Arydia: The Paths We Dare Tread",2025,796,6.74818,9.28881,1403,0,,,,,,,53,
249381,"The Estates",2018,797,6.74806,7.42556,4080,0,,,,,,458,,
156336,"Onirim (Second Edition)",2014,798,6.74742,7.04219,10749,0,,,,233,,543,,
168584,"Love Letter: Batman",2015,799,6.74669,7.27463,5741,0,,,,209,,,,
70512,Luna,2010,800,6.7464,7.28507,5187,0,,,,,,467,,
71721,"Space Hulk: Death Angel – The Card Game",2010,801,6.74619,7.00338,13546,0,,,,,,,215,
270970,"Century: A New World",2019,802,6.74366,7.29837,5266,0,,,,199,,489,,
7717,"Carcassonne: The Castle",2003,803,6.74359,7.10346,8503,0,,,,214,,518,,
281442,"Trismegistus: The Ultimate Formula",2019,804,6.74345,7.57562,3681,0,,,,,,456,,
363247,"Azul: Master Chocolatier",2022,805,6.74304,7.88268,2628,0,13,,,169,,,,
121288,"Dixit: Journey",2012,806,6.74296,7.39142,4640,0,,,,,29,,,
126792,Myrmes,2012,807,6.74205,7.25497,5652,0,,,,,,482,,
154825,Arkwright,2014,808,6.74188,7.80207,2617,0,,,,,,417,,
146278,"Tash-Kalar: Arena of Legends",2013,809,6.74158,7.1554,7279,0,44,,,,,510,,
203416,"Exit: The Game – The Pharaoh's Tomb",2016,810,6.7408,7.14013,6800,0,,,,,,,164,
338957,"Caesar!: Seize Rome in 20 Minutes!",2022,811,6.737,7.54704,3425,0,,,,,,460,,130
148729,Maquis,2013,812,6.73661,7.45427,4063,0,,,,,,499,160,
20100,"Wits & Wagers",2005,813,6.73578,6.9264,15682,0,,,,,55,,,
20963,"Fury of Dracula (Second Edition)",2005,814,6.73576,7.08679,9391,0,,,,,,,200,
134726,"Smash Up: Awesome Level 9000",2013,815,6.73574,7.21229,7134,0,,,,228,,538,,
483,Diplomacy,1959,816,6.73542,7.04022,13592,0,,,,,,606,,267
165401,"Wir sind das Volk!",2014,817,6.73475,7.78113,2657,0,,,,,,431,,38
232219,"Dragon Castle",2017,818,6.73391,7.11276,8020,0,39,,,220,,,,
214880,"City of the Big Shoulders",2019,819,6.73341,7.74722,2751,0,,,,,,429,,
143741,"BANG! The Dice Game",2013,820,6.73318,6.88784,25282,0,,,,,67,,,
244608,Menara,2018,821,6.73204,7.42909,3999,0,,,,196,,,,
238799,"Messina 1347",2021,822,6.73166,7.53865,3493,0,,,,,,459,,
318560,Witchstone,2021,823,6.73125,7.52205,3559,0,,,,,,461,,
73171,"Earth Reborn",2010,824,6.73096,7.60956,3378,0,,,,,,,133,
270239,Moonrakers,2020,825,6.73053,7.71671,3435,0,,,,,,504,194,
280480,"Crystal Palace",2019,826,6.73016,7.5091,3564,0,,,,,,457,,
331787,"Tiny Epic Dungeons",2021,827,6.73015,7.47613,4824,0,,,,,,557,196,
162007,"Steampunk Rally",2015,828,6.72941,7.15141,6975,0,,,,224,,530,,
354570,"Undaunted: Stalingrad",2022,829,6.72939,8.60546,1619,0,,,,,,,,19
65532,"Defenders of the Realm",2010,830,6.72918,7.27349,5521,0,,,,,,,173,
150997,"Shadows of Brimstone: Swamps of Death",2014,831,6.72753,8.03311,2482,0,,,,,,,114,
73761,K2,2010,832,6.72671,7.00841,10742,0,,,,245,,,225,
87890,Prêt-à-Porter,2010,833,6.72655,7.2895,5043,0,,,,,,491,,
173064,"Leaving Earth",2015,834,6.7264,7.72568,2947,0,,,,,,463,136,
143515,"Coal Baron",2013,835,6.72464,7.27097,5162,0,,,,,,495,,
11825,"Empire of the Sun: The Pacific War 1941-1945",2005,836,6.72442,8.26835,2067,0,,,,,,,,9
241724,Villagers,2019,837,6.72426,7.13026,7858,0,,,,231,,,,
254708,"Roll Player Adventures",2021,838,6.72306,8.16076,2086,0,,,,,,,100,
168435,"Between Two Cities",2015,839,6.72248,6.97654,11485,0,,,,246,,,,
226320,"My Little Scythe",2017,840,6.72244,7.21851,6029,0,,,,215,,,,
160495,ZhanGuo,2014,841,6.72171,7.5471,3309,0,,,,,,450,,
155624,"Specter Ops",2015,842,6.72169,7.16273,6512,0,,,,,,524,186,
242574,"Century: Eastern Wonders",2018,843,6.72161,7.11279,7718,0,,,,223,,,,
72321,"The Networks",2016,844,6.72134,7.13877,6727,0,,,,,,521,,
45,Perudo,1800,845,6.71996,6.92216,15813,0,,,,259,62,,,
158435,"Dogs of War",2014,846,6.71976,7.53146,3453,0,,,,,,468,,
181521,"Warhammer Quest: The Adventure Card Game",2015,847,6.71899,7.31176,5546,0,,,,,,,171,
255692,"New Frontiers",2018,848,6.71852,7.40736,3949,0,,,,,,472,,
256788,"Detective Club",2018,849,6.71834,7.37112,4451,0,,,,,34,,,
15364,"Vegas Showdown",2005,850,6.71789,7.15063,6445,0,,,,,,515,,
244228,Reef,2018,851,6.71678,7.0104,10016,0,,,,240,,,,
299684,"Khôra: Rise of an Empire",2021,852,6.71623,7.39943,4221,0,,,,,,493,,
218333,"Rhino Hero: Super Battle",2017,853,6.71516,7.22614,5632,0,,,6,211,,,,
1465,Wizard,1984,854,6.71253,6.98376,12336,0,,,,258,,,,
2453,Blokus,2000,855,6.71246,6.8606,28306,0,55,,,,,,,
9823,"Advanced Squad Leader: Starter Kit #1",2004,856,6.71179,7.84253,2731,0,,,,,,,,28
22345,Yspahan,2006,857,6.71157,7.05364,8194,0,,,,,,531,,
300877,"New York Zoo",2020,858,6.71125,7.03458,9142,0,,,,236,,,,
21882,"Blue Moon City",2006,859,6.71092,7.03609,8804,0,,,,239,,544,,
40628,Finca,2009,860,6.70926,7.06926,7871,0,,,,230,,,,
276498,"Paris: La Cité de la Lumière",2019,861,6.70895,7.25794,5482,0,29,,,,,,,
347305,"Inventions: Evolution of Ideas",2024,862,6.70895,8.05135,2150,0,,,,,,440,,
68425,"Eminent Domain",2011,863,6.7078,6.97444,10589,0,,,,,,558,,
116998,"Thunderstone Advance: Towers of Ruin",2012,864,6.70689,7.31771,4786,0,,,,,,511,,
169654,"Deep Sea Adventure",2014,865,6.70627,6.89104,18692,0,,,,272,,,,
214887,"CO₂: Second Chance",2018,866,6.70541,7.50113,3551,0,,,,,,485,,
31563,"Middle-Earth Quest",2009,867,6.70538,7.39181,4241,0,,,,,,,159,
15512,"Incan Gold",2005,868,6.70386,6.84148,22514,0,,,,271,,,,
181687,"The Pursuit of Happiness",2015,869,6.70357,7.17117,5912,0,,,,227,,,192,
355483,"Wandering Towers",2022,870,6.70356,7.38538,4099,0,,,,208,,,,
256382,"Disney Villainous: The Worst Takes it All",2018,871,6.70305,6.9351,21396,0,,,,282,,,,
3307,Wallenstein,2002,872,6.7027,7.45623,3680,0,,,,,,477,,
244331,"Blue Lagoon",2018,873,6.70244,7.21335,5356,0,25,,,216,,,,
51,"Ricochet Robots",1999,874,6.70197,7.03202,9353,0,47,,,,,,,
47185,"Warhammer: Invasion",2009,875,6.70003,7.24029,6086,0,,38,,,,556,,
204516,"878 Vikings: Invasions of England",2017,876,6.69954,7.49086,3625,0,,,,,,,,92
264052,"Circadians: First Light",2019,877,6.69897,7.54027,3271,0,,,,,,474,,
200147,Kanagawa,2016,878,6.69842,7.0195,9268,0,,,,253,,,,
397385,"Pirates of Maracaibo",2023,879,6.69813,7.95579,2154,0,,,,,,446,,
16747,"Tumblin' Dice",2004,880,6.69812,7.2545,4848,0,,,,212,37,,,
316546,"Clever Cubed",2020,881,6.69809,7.47698,3443,0,,,,200,,,,
55600,Shipyard,2009,882,6.69661,7.33732,4139,0,,,,,,494,,
220520,"Caverna: Cave vs Cave",2017,883,6.69644,7.0861,7061,0,,,,,,539,,
241590,Smart10,2017,884,6.69574,7.4751,3526,0,,,,205,31,,,
299047,"Disney Villainous: Perfectly Wretched",2020,885,6.69551,7.58805,3543,0,,,,207,,,,
368305,"Life of the Amazonia",2023,886,6.69425,8.14939,1930,0,,,,,,448,,
251678,"Railroad Ink: Blazing Red Edition",2018,887,6.69303,7.07228,7440,0,,,,247,,,,
218121,"Dice Hospital",2018,888,6.69217,7.10999,6754,0,,,,243,,564,,
214029,"SpaceCorp: 2025-2300AD",2018,889,6.69116,7.67754,2846,0,,,,,,479,,
256570,"Crown of Emara",2018,890,6.69009,7.37209,3957,0,,,,,,500,,
2163,"Space Hulk",1989,891,6.68968,7.49158,3906,0,,,,,,,161,
173442,"Empires: Age of Discovery",2015,892,6.68954,7.83705,2312,0,,,,,,455,,
156943,"Saint Petersburg (Second Edition)",2014,893,6.68867,7.45833,3468,0,,,,,,492,,
201825,"Ex Libris",2017,894,6.68824,7.11813,6740,0,,,,,,565,,
43528,"World Without End",2009,895,6.68791,7.22676,5144,0,,,,,,525,,
253499,"A War of Whispers",2019,896,6.68712,7.28802,4669,0,,,,,,533,,
254386,"Raccoon Tycoon",2018,897,6.68704,7.24687,5140,0,,,,229,,555,,
316624,Stationfall,2023,898,6.68584,7.75026,2588,0,,,,,,,137,
203417,"Exit: The Game – The Secret Lab",2016,899,6.68531,7.05154,7170,0,,,,250,,,198,
8125,Santiago,2003,900,6.68521,7.16964,5517,0,,,,,,527,,
198830,"Heroes of Land, Air & Sea",2018,901,6.68511,7.57736,3284,0,,,,,,507,,197
161417,Red7,2014,902,6.68465,6.8644,16597,0,,,,278,,,,
162286,"Super Motherload",2015,903,6.68424,7.3355,4115,0,,,,,,512,,
179172,Unfair,2017,904,6.68287,7.30557,5349,0,,,,,,568,218,
218479,"Cerebria: The Inside World",2018,905,6.68223,7.72685,2817,0,,,,,,487,,
223770,Startups,2017,906,6.68209,7.1929,5353,0,,,,238,,,,
413246,"Bomb Busters",2024,907,6.68051,7.96437,2081,0,,,,186,,,,
217780,Gentes,2017,908,6.67948,7.38926,3712,0,,,,,,502,,
171273,FUSE,2015,909,6.67929,6.99542,8964,0,,,,262,,,,
429293,"The Fellowship of the Ring: Trick-Taking Game",2024,910,6.67906,8.0233,2018,0,,,,189,,,,
294612,"Unlock!: Epic Adventures",2019,911,6.67906,7.6905,2560,0,,,,,,,122,
170416,"Vast: The Crystal Caverns",2016,912,6.67881,7.10374,7146,0,,,,,,582,221,
194879,"Not Alone",2016,913,6.6783,6.96617,11346,0,,,,,,615,,
192457,"Cry Havoc",2016,914,6.67814,7.10681,6998,0,,,,,,562,,280
384213,Fromage,2024,915,6.67742,7.70927,2640,0,,,,,,498,,
239472,"Abomination: The Heir of Frankenstein",2019,916,6.67675,7.44656,3632,0,,,,,,528,167,
30645,"Tammany Hall",2007,917,6.6767,7.28081,4467,0,,,,,,532,,
277700,"Merchants Cove",2021,918,6.67557,7.44151,3696,0,,,,,,526,,
131287,Panamax,2014,919,6.67456,7.30051,4120,0,,,,,,514,,
176165,"Dale of Merchants",2015,920,6.67453,7.16493,5830,0,,,,254,,569,,
227460,"Hannibal & Hamilcar",2018,921,6.67358,8.2763,1812,0,,,,,,,,20
175117,Celestia,2015,922,6.67347,6.93077,12041,0,,,,277,,,,
198740,"Lovecraft Letter",2017,923,6.67339,7.22945,5183,0,,,,,47,,,
275467,"Letter Jam",2019,924,6.6729,7.17118,5215,0,,,,237,,,,
230244,"Black Angel",2019,925,6.67146,7.21196,5060,0,,,,,,542,,
368061,"Zoo Vadis",2023,926,6.67105,7.53396,3076,0,,,,,,513,,
298231,Skyrise,2024,927,6.67066,7.76742,2489,0,,,,,,481,,
299169,Spicy,2020,928,6.67031,7.15466,6205,0,,,,,54,,,
1035,"Squad Leader",1977,929,6.67015,7.5605,3484,0,,,,,,,,70
160499,"King of New York",2014,930,6.66992,6.8709,16944,0,,,,288,,,,
285984,"Last Bastion",2019,931,6.66958,7.45063,3674,0,,,,,,559,,
249277,"Brazil: Imperial",2021,932,6.66938,7.54851,3462,0,,,,,,523,,
56692,Parade,2007,933,6.66918,7.00413,8251,0,,,,265,,,,
12002,Jambo,2004,934,6.66909,6.99096,8385,0,,,,,,590,,
586,"Up Front",1983,935,6.66856,7.89563,2292,0,,,,,,,,27
272739,"Clinic: Deluxe Edition",2019,936,6.66838,7.60172,2859,0,,,,,,490,,
137988,"Zombicide Season 2: Prison Outbreak",2013,937,6.66705,7.34421,4797,0,,,,,,,197,
36235,"The Duke",2013,938,6.66647,7.31176,4233,0,30,,,,,,,
314503,"Codex Naturalis",2021,939,6.66619,7.22912,5186,0,,,,248,,,,
91872,"Dungeons & Dragons: The Legend of Drizzt Board Game",2011,940,6.66609,7.20475,6509,0,,,,,,,206,
234477,"Battle for Rokugan",2017,941,6.66598,7.39964,3950,0,,,,,,536,,190
252153,"Tang Garden",2019,942,6.66485,7.3359,4287,0,,,,249,,563,,
122298,Morels,2012,943,6.66467,6.9836,9648,0,,,,276,,,,
197443,Fugitive,2017,944,6.66336,7.14231,5499,0,,,,251,,,,
191051,Outlive,2017,945,6.66281,7.27513,4777,0,,,,,,551,,
110277,"Among the Stars",2012,946,6.66074,7.02069,7285,0,,,,,,583,,
156566,"Lords of Xidit",2014,947,6.66,7.07999,6362,0,,,,,,577,,
234671,"Pandemic: Rising Tide",2017,948,6.65975,7.54388,2983,0,,,,,,516,,
179275,"One Deck Dungeon",2016,949,6.65952,6.94142,12057,0,,,,,,,256,
363307,Evergreen,2022,950,6.65892,7.45203,3394,0,,,,219,,,,
26997,"1989: Dawn of Freedom",2012,951,6.65878,7.76676,2394,0,,,,,,488,,39
267319,Roam,2019,952,6.65848,7.28716,4274,0,,,,241,,,,
342900,"Earthborne Rangers",2023,953,6.65767,8.1341,2047,0,,12,,,,,148,
338760,"Imperial Steam",2021,954,6.65755,7.7661,2328,0,,,,,,471,,
270314,Ohanami,2019,955,6.65679,7.28524,4259,0,,,,234,,,,
382843,Evacuation,2023,956,6.6565,7.58309,2844,0,,,,,,503,,
317457,"Dinosaur World",2021,957,6.65615,7.3406,4125,0,,,,,,545,189,
131260,Qwixx,2012,958,6.6559,6.87258,14361,0,,,,285,,,,
163602,"XCOM: The Board Game",2015,959,6.65475,6.98912,9235,0,,,,,,,239,
528,ZÈRTZ,1999,960,6.65463,7.2683,4427,0,24,,,,,,,
179803,"Arcadia Quest: Inferno",2017,961,6.6546,7.85635,2422,0,,,,,,,142,
196526,"Coffee Roaster",2015,962,6.65369,7.33263,3856,0,,,,,,549,,
30957,"Tribune: Primus Inter Pares",2007,963,6.65366,7.21245,4707,0,,,,,,541,,
12891,"Friedrich: Anniversary Edition",2004,964,6.65319,7.55664,2968,0,,,,,,,,68
103886,"Star Wars: The Card Game",2012,965,6.65198,7.17788,5849,0,,44,,,,,,
228328,"Rurik: Dawn of Kiev",2019,966,6.65122,7.69703,2617,0,,,,,,509,,
359970,Challengers!,2022,967,6.65101,7.09369,6502,0,,,,267,53,,,
216459,"The Lost Expedition",2017,968,6.6509,7.03901,7546,0,,,,,,,244,
2093,Mahjong,1850,969,6.6492,7.05259,7812,0,63,,,,,,,
65244,"Forbidden Island",2010,970,6.64904,6.75559,52409,0,,,,334,,,,
231218,"Black Sonata",2017,971,6.64872,7.46227,3308,0,,,,,,553,,
41002,"Vasco da Gama",2009,972,6.6478,7.21437,4607,0,,,,,,548,,
12962,"Reef Encounter",2004,973,6.64724,7.13159,5250,0,,,,,,561,,
219215,Werewords,2017,974,6.64716,7.11506,5597,0,,,,,42,,,
297129,"Jekyll vs. Hyde",2021,975,6.6469,7.2114,4709,0,,,,252,,,,
145659,Scoville,2014,976,6.64607,7.11652,5522,0,,,,,,586,,
91514,"Rhino Hero",2011,977,6.6457,6.90031,11666,0,,,20,287,,,,
137269,Spyrium,2013,978,6.64356,7.04131,6407,0,,,,,,588,,
28181,"Combat Commander: Pacific",2008,979,6.64355,8.11359,1772,0,,,,,,,,16
329845,"Stella: Dixit Universe",2021,980,6.64208,7.29801,4023,0,,,,244,38,,,
245643,Luxor,2018,981,6.63988,7.19417,4908,0,,,,257,,,,
38996,"Washington's War",2010,982,6.63972,7.60977,2671,0,,,,,,,,59
79127,"Star Trek: Fleet Captains",2011,983,6.63916,7.46695,3364,0,,,,,,,165,
372559,Spots,2022,984,6.63869,7.15699,5288,0,,,,270,,,,
284818,"Caylus 1303",2019,985,6.63771,7.42655,3333,0,,,,,,535,,
117915,Yedo,2012,986,6.63582,7.33833,3876,0,,,,,,554,,
177590,"13 Days: The Cuban Missile Crisis, 1962",2016,987,6.63518,7.20371,4590,0,,,,,,578,,165
26990,Container,2007,988,6.635,7.16219,4885,0,,,,,,566,,
248065,"Zombicide: Invader",2019,989,6.63475,7.76828,2785,0,,,,,,,155,
281549,Beast,2023,990,6.63418,7.49955,3497,0,,,,,,575,202,
37380,"Roll Through the Ages: The Bronze Age",2008,991,6.63381,6.84893,12220,0,,,,296,,637,,
411567,"The Gang",2024,992,6.63305,7.5768,2718,0,,,,218,,,,
904,"Nightmare Productions",2000,993,6.63297,7.06428,5864,0,,,,266,,589,,
119788,Hyperborea,2014,994,6.63285,7.16614,5039,0,,,,,,576,,
12902,"Carcassonne: The City",2004,995,6.63028,7.2067,4523,0,,,,261,,595,,
53953,Thunderstone,2009,996,6.62978,6.90654,10631,0,,,,,,646,269,
155362,"Ca$h 'n Guns: Second Edition",2014,997,6.62954,6.81788,15931,0,,,,,70,,,
329465,"Red Rising",2021,998,6.62721,6.98248,8640,0,,,,,,648,,
195137,"Catacombs (Third Edition)",2015,999,6.62673,7.46827,3099,0,,,,,,,175,
1041,"San Marco",2001,1000,6.62502,7.17488,4610,0,,,,,,572,,